区,初中学校,招生学校,最低分,同分优待,综评,语数外,数学,语文,综合测试
嘉定区,上海市嘉定区启良中学,上海市嘉定区第一中学,734,否,50,406,138,124,134
嘉定区,上海市嘉定区启良中学,上海交通大学附属中学嘉定分校,743,否,50,400,134,123,148
嘉定区,上海市嘉定区启良中学,上海师范大学附属中学嘉定新城分校,732,否,50,404,142,119,136
嘉定区,上海市嘉定区方泰中学,上海市嘉定区第一中学,726,否,50,389.5,124,120,141
嘉定区,上海市嘉定区方泰中学,上海交通大学附属中学嘉定分校,742.5,否,50,409.5,133,132,140
嘉定区,上海市嘉定区方泰中学,上海师范大学附属中学嘉定新城分校,724.5,否,50,394.5,127,126,136
嘉定区,上海市嘉定区方泰中学,上海师范大学附属中学,733,否,50,401.5,119,137,137
嘉定区,上海市曹杨二中附属江桥实验中,上海市嘉定区第一中学,733,否,50,404,134,124,135
嘉定区,上海市曹杨二中附属江桥实验中,上海交通大学附属中学嘉定分校,757.5,否,50,414.5,142,127,148
嘉定区,上海市曹杨二中附属江桥实验中,上海师范大学附属中学嘉定新城分校,738.5,否,50,398.5,133,122,146
嘉定区,上海市嘉定区迎园中学,上海市嘉定区第一中学,738.5,否,50,404.5,128,134,139
嘉定区,上海市嘉定区迎园中学,上海交通大学附属中学嘉定分校,750,否,50,412,137,128,142
嘉定区,上海市嘉定区迎园中学,上海师范大学附属中学嘉定新城分校,743,否,50,408,127,133,138
嘉定区,上海市嘉定区迎园中学,华东师范大学第二附属中学,760.5,否,50,416,140,130,148
嘉定区,上海市嘉定区南苑中学,上海市嘉定区第一中学,733,否,50,395,131,120,144
嘉定区,上海市嘉定区南苑中学,上海交通大学附属中学嘉定分校,737,否,50,408,137,127,133
嘉定区,上海市嘉定区南苑中学,上海师范大学附属中学嘉定新城分校,730.5,否,50,397.5,132,126,136
嘉定区,上海市嘉定区黄渡中学,上海市嘉定区第一中学,738.5,否,50,407.5,133,132,138
嘉定区,上海市嘉定区黄渡中学,上海交通大学附属中学嘉定分校,747,否,50,409,133,132,144
嘉定区,上海市嘉定区黄渡中学,上海师范大学附属中学嘉定新城分校,731,否,50,395,119,135,139
嘉定区,上海市嘉定区徐行中学,上海市嘉定区第一中学,711.5,否,50,376.5,120,122,142
嘉定区,上海市嘉定区徐行中学,上海交通大学附属中学嘉定分校,710.5,否,50,384.5,134,119,136
嘉定区,上海市嘉定区徐行中学,上海师范大学附属中学嘉定新城分校,712.5,否,50,380.5,123,125,135
嘉定区,上海市嘉定区徐行中学,华东师范大学第二附属中学,758.5,否,50,420.5,147,132,142
嘉定区,上海市嘉定区马陆育才联合中学,上海市嘉定区第一中学,709.5,否,50,398.5,135,131,118
嘉定区,上海市嘉定区马陆育才联合中学,上海交通大学附属中学嘉定分校,727.5,否,50,389,115,129,143
嘉定区,上海市嘉定区马陆育才联合中学,上海师范大学附属中学嘉定新城分校,723,否,50,392,115,132,136
嘉定区,上海市民办嘉宜初级中学,上海市嘉定区第一中学,739.5,否,50,407.5,138,127,137
嘉定区,上海市民办嘉宜初级中学,上海交通大学附属中学嘉定分校,748,否,50,415,143,125,140
嘉定区,上海市民办嘉宜初级中学,上海师范大学附属中学嘉定新城分校,734.5,否,50,400,134,125,140
嘉定区,上海市嘉定区丰庄中学,上海市嘉定区第一中学,726.5,否,50,400.5,121,134,133
嘉定区,上海市嘉定区丰庄中学,上海交通大学附属中学嘉定分校,747.5,否,50,403.5,130,126,146
嘉定区,上海市嘉定区丰庄中学,上海师范大学附属中学嘉定新城分校,732.5,否,50,401.5,140,119,140
嘉定区,上海市嘉定区外冈中学,上海市嘉定区第一中学,721.5,否,50,395.5,139,121,133
嘉定区,上海市嘉定区外冈中学,上海交通大学附属中学嘉定分校,724,否,50,396,132,121,136
嘉定区,上海市嘉定区外冈中学,上海师范大学附属中学嘉定新城分校,722,否,50,392,126,129,135
嘉定区,上海民办华曜嘉定初级中学,上海市上海中学,765.5,否,50,422.5,144,132,146
嘉定区,上海民办华曜嘉定初级中学,上海市嘉定区第一中学,731.5,否,50,403.5,132,127,135
嘉定区,上海民办华曜嘉定初级中学,上海交通大学附属中学嘉定分校,755,否,50,420,148,130,140
嘉定区,上海民办华曜嘉定初级中学,上海师范大学附属中学嘉定新城分校,739,否,50,401,131,128,142
嘉定区,上海市嘉定区震川中学,复旦大学附属中学,768,否,50,428,145,138,145
嘉定区,上海市嘉定区震川中学,上海市嘉定区第一中学,729,否,50,402,130,128,133
嘉定区,上海市嘉定区震川中学,上海交通大学附属中学嘉定分校,747.5,否,50,413.5,142,126,143
嘉定区,上海市嘉定区震川中学,上海师范大学附属中学嘉定新城分校,732,否,50,393,128,126,145
嘉定区,上海大学附属嘉定留云中学,上海交通大学附属中学,767.5,否,50,421.5,146,130,149
嘉定区,上海大学附属嘉定留云中学,上海市嘉定区第一中学,729,否,50,396.5,125,129,136
嘉定区,上海大学附属嘉定留云中学,上海交通大学附属中学嘉定分校,754.5,否,50,417,144,130,141
嘉定区,上海大学附属嘉定留云中学,上海师范大学附属中学嘉定新城分校,740,否,50,406,134,126,141
嘉定区,交大附中附属嘉定德富中学,上海市嘉定区第一中学,735.5,否,50,399,134,128,140
嘉定区,交大附中附属嘉定德富中学,上海交通大学附属中学嘉定分校,756,否,50,417,143,128,142
嘉定区,交大附中附属嘉定德富中学,上海师范大学附属中学嘉定新城分校,738.5,否,50,400.5,126,128,140
嘉定区,同济大学附属实验中学,上海市嘉定区第一中学,730.5,否,50,406.5,133,127,131
嘉定区,同济大学附属实验中学,上海交通大学附属中学嘉定分校,752,否,50,410,136,126,146
嘉定区,同济大学附属实验中学,上海师范大学附属中学嘉定新城分校,731,否,50,403,132,126,139
嘉定区,上海市嘉定区华江中学,上海市嘉定区第一中学,722,否,50,393,120,130,134
嘉定区,上海市嘉定区华江中学,上海交通大学附属中学嘉定分校,741,否,50,405,134,126,141
嘉定区,上海市嘉定区华江中学,上海师范大学附属中学嘉定新城分校,726,否,50,393,124,128,138
嘉定区,上海市嘉定区新城实验中学,上海市嘉定区第一中学,734,否,50,407,134,130,137
嘉定区,上海市嘉定区新城实验中学,上海交通大学附属中学嘉定分校,753.5,否,50,416.5,137,133,142
嘉定区,上海市嘉定区新城实验中学,上海师范大学附属中学嘉定新城分校,740,否,50,404,124,135,138
嘉定区,上海市嘉定区新城实验中学,华东师范大学第二附属中学,766.5,否,50,429.5,150,133,145
嘉定区,上海市嘉定区南翔中学,上海市嘉定区第一中学,734,否,50,408,134,130,131
嘉定区,上海市嘉定区南翔中学,上海交通大学附属中学嘉定分校,755.5,否,50,412.5,148,126,145
嘉定区,上海市嘉定区南翔中学,上海师范大学附属中学嘉定新城分校,736,否,50,402,122,135,139
嘉定区,上海市嘉定区疁城实验学校,上海市嘉定区第一中学,721,否,50,387,117,128,140
嘉定区,上海市嘉定区疁城实验学校,上海交通大学附属中学嘉定分校,738.5,否,50,399.5,134,122,144
嘉定区,上海市嘉定区疁城实验学校,上海师范大学附属中学嘉定新城分校,722,否,50,392,126,123,136
嘉定区,上海市嘉定区戬浜学校,上海市嘉定区第一中学,737.5,否,50,405.5,133,129,138
嘉定区,上海市嘉定区戬浜学校,上海交通大学附属中学嘉定分校,760.5,否,50,422.5,143,134,143
嘉定区,上海市嘉定区戬浜学校,上海师范大学附属中学嘉定新城分校,739.5,否,50,408.5,131,136,141
嘉定区,上海市嘉定区朱桥学校,上海市上海中学,750,否,50,415,138,133,141
嘉定区,上海市嘉定区朱桥学校,上海市嘉定区第一中学,740,否,50,404.5,142,124,139
嘉定区,上海市嘉定区朱桥学校,上海交通大学附属中学嘉定分校,741,否,50,407,129,130,139
嘉定区,上海市嘉定区朱桥学校,上海师范大学附属中学嘉定新城分校,742,否,50,409.5,142,126,136
嘉定区,上海市嘉定区苏民学校,复旦大学附属中学,767,否,50,423,146,131,146
嘉定区,上海市嘉定区苏民学校,上海市嘉定区第一中学,739.5,否,50,403.5,133,127,139
嘉定区,上海市嘉定区苏民学校,上海交通大学附属中学嘉定分校,756.5,否,50,412.5,140,127,146
嘉定区,上海市嘉定区苏民学校,上海师范大学附属中学嘉定新城分校,741,否,50,413,146,125,134
嘉定区,上海市民办远东学校,上海市嘉定区第一中学,739.5,否,50,402.5,128,128,142
嘉定区,上海市民办远东学校,上海交通大学附属中学嘉定分校,762.5,否,50,418.5,146,127,146
嘉定区,上海市民办远东学校,上海师范大学附属中学嘉定新城分校,734.5,否,50,400.5,135,122,139
嘉定区,上海市民办桃李园实验学校,上海市嘉定区第一中学,734.5,否,50,396.5,129,122,142
嘉定区,上海市民办桃李园实验学校,上海交通大学附属中学嘉定分校,756.5,否,50,413.5,144,123,147
嘉定区,上海市民办桃李园实验学校,上海师范大学附属中学嘉定新城分校,738,否,50,410,127,136,137
嘉定区,上海市嘉定区华亭学校,上海交通大学附属中学,720,否,50,396,140,116,137
嘉定区,上海市嘉定区华亭学校,上海市嘉定区第一中学,721.5,否,50,401.5,132,123,131
嘉定区,上海市嘉定区华亭学校,上海交通大学附属中学嘉定分校,721,否,50,392.5,132,121,136
嘉定区,上海市嘉定区华亭学校,上海师范大学附属中学嘉定新城分校,727,否,50,402.5,130,130,132
嘉定区,上海市嘉定区娄塘学校,上海交通大学附属中学,713,否,50,388,133,118,137
嘉定区,上海市嘉定区娄塘学校,上海市嘉定区第一中学,739.5,否,50,411,145,128,134
嘉定区,上海市嘉定区娄塘学校,上海交通大学附属中学嘉定分校,704,否,50,372,118,116,138
嘉定区,上海市嘉定区娄塘学校,上海师范大学附属中学嘉定新城分校,720,否,50,391,140,120,135
嘉定区,上海外国语大学嘉定外国语学校,上海市嘉定区第一中学,731.5,否,50,404,127,132,140
嘉定区,上海外国语大学嘉定外国语学校,上海交通大学附属中学嘉定分校,755.5,否,50,411.5,141,128,147
嘉定区,上海外国语大学嘉定外国语学校,上海师范大学附属中学嘉定新城分校,748.5,否,50,413.5,142,129,145
嘉定区,上海市嘉定区练川实验学校,上海市嘉定区第一中学,735,否,50,404,134,127,136
嘉定区,上海市嘉定区练川实验学校,上海交通大学附属中学嘉定分校,747.5,否,50,410.5,134,135,142
嘉定区,上海市嘉定区练川实验学校,上海师范大学附属中学嘉定新城分校,740,否,50,409,134,134,136
嘉定区,上海华旭双语学校,上海市嘉定区第一中学,740.5,否,50,402,132,126,144
嘉定区,上海华旭双语学校,上海交通大学附属中学嘉定分校,759,否,50,417,141,127,146
嘉定区,上海华旭双语学校,上海师范大学附属中学嘉定新城分校,743.5,否,50,406.5,131,130,143
嘉定区,中科院上海实验学校,上海市嘉定区第一中学,736.5,否,50,408.5,135,133,133
嘉定区,中科院上海实验学校,上海交通大学附属中学嘉定分校,753.5,否,50,414.5,137,133,142
嘉定区,中科院上海实验学校,上海师范大学附属中学嘉定新城分校,743,否,50,407,134,129,139
嘉定区,上海嘉定区世外学校,上海市嘉定区第一中学,736,否,50,415,137,136,124
嘉定区,上海嘉定区世外学校,上海交通大学附属中学嘉定分校,756,否,50,416,147,121,145
嘉定区,上海嘉定区世外学校,上海师范大学附属中学嘉定新城分校,744.5,否,50,417.5,136,137,133
嘉定区,上海市嘉定区金鹤学校,上海市嘉定区第一中学,737,否,50,411,147,121,135
嘉定区,上海市嘉定区金鹤学校,上海交通大学附属中学嘉定分校,751,否,50,411,146,119,146
嘉定区,上海市嘉定区金鹤学校,上海师范大学附属中学嘉定新城分校,733.5,否,50,398.5,116,137,140
嘉定区,上海师范大学附属第五嘉定实验学校,上海交通大学附属中学,765,否,50,421,142,135,146
嘉定区,上海师范大学附属第五嘉定实验学校,上海市嘉定区第一中学,731.5,否,50,404.5,133,133,134
嘉定区,上海师范大学附属第五嘉定实验学校,上海交通大学附属中学嘉定分校,750,否,50,412,139,130,145
嘉定区,上海师范大学附属第五嘉定实验学校,上海师范大学附属中学嘉定新城分校,729,否,50,402,125,132,134
嘉定区,同济大学附属嘉定实验中学,上海市嘉定区第一中学,739.5,否,50,410.5,133,131,132
嘉定区,同济大学附属嘉定实验中学,上海交通大学附属中学嘉定分校,749.5,否,50,415.5,143,130,139
嘉定区,同济大学附属嘉定实验中学,上海师范大学附属中学嘉定新城分校,747.5,否,50,405.5,139,122,145
嘉定区,交大附中附属嘉定洪德中学,上海市上海中学,765.5,否,50,423.5,148,130,146
嘉定区,交大附中附属嘉定洪德中学,上海市嘉定区第一中学,734.5,否,50,401.5,131,129,142
嘉定区,交大附中附属嘉定洪德中学,上海交通大学附属中学嘉定分校,761.5,否,50,417.5,147,125,147
嘉定区,交大附中附属嘉定洪德中学,上海师范大学附属中学嘉定新城分校,737,否,50,404,140,121,139
嘉定区,上海市嘉定区嘉二实验学校,上海市嘉定区第一中学,734,否,50,405,139,126,137
嘉定区,上海市嘉定区嘉二实验学校,上海交通大学附属中学嘉定分校,738.5,否,50,406.5,137,124,136
嘉定区,上海市嘉定区嘉二实验学校,上海师范大学附属中学嘉定新城分校,729,否,50,396,135,123,137
嘉定区,上海市嘉定区嘉一实验初级中学,上海市嘉定区第一中学,721,否,50,392,126,124,135
嘉定区,上海市嘉定区嘉一实验初级中学,上海交通大学附属中学嘉定分校,748.5,否,50,416.5,141,130,140
嘉定区,上海市嘉定区嘉一实验初级中学,上海师范大学附属中学嘉定新城分校,718,否,50,393,116,128,133
嘉定区,上海嘉定区民办华盛怀少学校,上海市嘉定区第一中学,735.5,否,50,400.5,132,129,140
嘉定区,上海嘉定区民办华盛怀少学校,上海交通大学附属中学嘉定分校,751.5,否,50,413.5,129,140,142
嘉定区,上海嘉定区民办华盛怀少学校,上海师范大学附属中学嘉定新城分校,735.5,否,50,408.5,135,137,137
奉贤区,上海市奉贤区青少年业余体育学,上海市格致中学（奉贤校区）,665,否,50,359,109,113,114
奉贤区,上海市奉贤区青少年业余体育学,上海市奉贤中学,675.5,否,50,365.5,115,123,114
奉贤区,上海市奉贤区古华中学,上海市格致中学（奉贤校区）,727,否,50,405.5,139,127,131
奉贤区,上海市奉贤区古华中学,上海市奉贤中学,736.5,否,50,405,133,127,137
奉贤区,上海市奉贤区古华中学,华东师范大学第二附属中学临港奉贤分校,735,否,50,403,136,130,140
奉贤区,上海市奉贤区实验中学,上海市格致中学（奉贤校区）,740.5,否,50,413.5,139,131,136
奉贤区,上海市奉贤区实验中学,上海师范大学附属中学,734.5,否,50,401,124,131,139
奉贤区,上海市奉贤区实验中学,上海市奉贤中学,749,否,50,419,146,132,135
奉贤区,上海市奉贤区实验中学,华东师范大学第二附属中学临港奉贤分校,743.5,否,50,413.5,130,137,136
奉贤区,上海市奉贤中学附属南桥中学,上海市格致中学（奉贤校区）,738,否,50,408,129,132,138.5
奉贤区,上海市奉贤中学附属南桥中学,上海交通大学附属中学,755,否,50,415,135,133,147
奉贤区,上海市奉贤中学附属南桥中学,上海市奉贤中学,734,否,50,412,141,130,131
奉贤区,上海市奉贤中学附属南桥中学,华东师范大学第二附属中学临港奉贤分校,731.5,否,50,401.5,139,125,138
奉贤区,上海市奉贤区汇贤中学,上海市格致中学（奉贤校区）,752.5,否,50,422.5,138,138,133
奉贤区,上海市奉贤区汇贤中学,复旦大学附属中学,761,否,50,421,141,133,145
奉贤区,上海市奉贤区汇贤中学,上海市奉贤中学,757,否,50,422,142,133,140
奉贤区,上海市奉贤区汇贤中学,华东师范大学第二附属中学临港奉贤分校,734,否,50,395.5,135,126,143
奉贤区,上海市奉贤区塘外中学,上海市格致中学（奉贤校区）,716,否,50,378.5,115,133,141
奉贤区,上海市奉贤区塘外中学,上海市奉贤中学,721,否,50,400,131,131,129
奉贤区,上海市奉贤区塘外中学,华东师范大学第二附属中学临港奉贤分校,735.5,否,50,401.5,142,121,145
奉贤区,上海市奉贤区青村中学,上海市格致中学（奉贤校区）,685.5,否,50,375,130,120,126
奉贤区,上海市奉贤区青村中学,上海市奉贤中学,711.5,否,50,381.5,118,124,136
奉贤区,上海市奉贤区青村中学,华东师范大学第二附属中学临港奉贤分校,720,否,50,387,115,129,139
奉贤区,上海市奉贤区奉城第二中学,上海市格致中学（奉贤校区）,732,否,50,398,126,129,141
奉贤区,上海市奉贤区奉城第二中学,上海市奉贤中学,737,否,50,400,127,127,145
奉贤区,上海市奉贤区奉城第二中学,华东师范大学第二附属中学临港奉贤分校,732,否,50,393,125,126,144
奉贤区,上海市奉贤区头桥中学,上海市格致中学（奉贤校区）,698.5,否,50,368.5,110,123,133
奉贤区,上海市奉贤区头桥中学,上海市奉贤中学,671.5,否,50,345.5,121,116,131
奉贤区,上海市奉贤区洪庙中学,上海市格致中学（奉贤校区）,722,否,50,388,132,117,137
奉贤区,上海市奉贤区洪庙中学,上海市奉贤中学,724.5,否,50,392.5,131,121,142
奉贤区,上海市奉贤区洪庙中学,华东师范大学第二附属中学临港奉贤分校,723,否,50,398,123,133,131
奉贤区,上海市奉贤区四团中学,上海市格致中学（奉贤校区）,684.5,否,50,365.5,116,114,127
奉贤区,上海市奉贤区四团中学,上海市奉贤中学,685.5,否,50,375,114,122,122
奉贤区,上海市奉贤区四团中学,华东师范大学第二附属中学临港奉贤分校,679,否,50,367,107,133,122
奉贤区,上海市奉贤区青溪中学,上海市格致中学（奉贤校区）,748,否,50,409.5,138,125,142
奉贤区,上海市奉贤区青溪中学,上海市奉贤中学,748,否,50,417,142,133,139
奉贤区,上海市奉贤区青溪中学,华东师范大学第二附属中学临港奉贤分校,737.5,否,50,406,131,129,138
奉贤区,上海市奉贤区尚同中学,上海市格致中学（奉贤校区）,730.5,否,50,405.5,135,126,129
奉贤区,上海市奉贤区尚同中学,上海市奉贤中学,741.5,否,50,405.5,130,132,140
奉贤区,上海市奉贤区尚同中学,华东师范大学第二附属中学临港奉贤分校,732.5,否,50,398.5,139,115,140
奉贤区,上海外国语大学附属奉贤实验中,上海市格致中学（奉贤校区）,759.5,否,50,425.5,146,134,140
奉贤区,上海外国语大学附属奉贤实验中,上海市奉贤中学,741,否,50,420,140,132,129
奉贤区,上海外国语大学附属奉贤实验中,华东师范大学第二附属中学临港奉贤分校,735.5,否,50,403.5,136,132,141
奉贤区,上海市奉贤区崇实中学,上海市格致中学（奉贤校区）,746,否,50,403.5,124,135,147
奉贤区,上海市奉贤区崇实中学,华东师范大学第二附属中学,758,否,50,419.5,146,130,146
奉贤区,上海市奉贤区崇实中学,上海市奉贤中学,751.5,否,50,414.5,139,130,142
奉贤区,上海市奉贤区崇实中学,华东师范大学第二附属中学临港奉贤分校,741.5,否,50,398.5,129,131,146
奉贤区,上海市奉贤区待问中学,上海市格致中学（奉贤校区）,742.5,否,50,412.5,141,131,136
奉贤区,上海市奉贤区待问中学,上海市奉贤中学,750,否,50,414,129,139,142
奉贤区,上海市奉贤区待问中学,华东师范大学第二附属中学临港奉贤分校,746.5,否,50,412.5,133,131,138
奉贤区,上海市奉贤中学附属初级中学,上海市格致中学（奉贤校区）,752,否,50,414,136,133,146
奉贤区,上海市奉贤中学附属初级中学,上海市奉贤中学,752,否,50,411,143,124,145
奉贤区,上海市奉贤中学附属初级中学,华东师范大学第二附属中学临港奉贤分校,743.5,否,50,408,138,127,140
奉贤区,上海师范大学附属奉贤实验中学,上海市格致中学（奉贤校区）,730,否,50,406,138,125,133
奉贤区,上海师范大学附属奉贤实验中学,上海市奉贤中学,733,否,50,405,144,120,136
奉贤区,上海师范大学附属奉贤实验中学,华东师范大学第二附属中学临港奉贤分校,732.5,否,50,397.5,127,129,142
奉贤区,上海市奉贤区肖塘中学,上海市格致中学（奉贤校区）,717,否,50,401.5,128,133,121
奉贤区,上海市奉贤区肖塘中学,上海市奉贤中学,744.5,否,50,405,142,125,145
奉贤区,上海市奉贤区肖塘中学,华东师范大学第二附属中学临港奉贤分校,719.5,否,50,391.5,123,127,138
奉贤区,上海市奉贤区育秀中学,上海市格致中学（奉贤校区）,741,否,50,404.5,136,128,141
奉贤区,上海市奉贤区育秀中学,上海市上海中学,760.5,否,50,417.5,137,136,147
奉贤区,上海市奉贤区育秀中学,上海市奉贤中学,742.5,否,50,404.5,134,135,143
奉贤区,上海市奉贤区育秀中学,华东师范大学第二附属中学临港奉贤分校,741,否,50,399.5,126,127,147
奉贤区,上海市奉贤区华亭学校,上海市格致中学（奉贤校区）,742.5,否,50,414.5,140,132,137
奉贤区,上海市奉贤区华亭学校,上海市奉贤中学,744,否,50,406,133,128,143
奉贤区,上海市奉贤区华亭学校,华东师范大学第二附属中学临港奉贤分校,729,否,50,402,142,118,138
奉贤区,上海市奉贤区西渡学校,上海市格致中学（奉贤校区）,726.5,否,50,400.5,131,126,134
奉贤区,上海市奉贤区西渡学校,上海市奉贤中学,741.5,否,50,410,136,126,143
奉贤区,上海市奉贤区西渡学校,华东师范大学第二附属中学临港奉贤分校,741.5,否,50,405.5,142,118,142
奉贤区,上海市奉贤区新寺学校,上海市格致中学（奉贤校区）,700,否,50,374,122,121,139
奉贤区,上海市奉贤区新寺学校,上海市奉贤中学,710.5,否,50,380.5,121,128,137
奉贤区,上海市奉贤区新寺学校,华东师范大学第二附属中学临港奉贤分校,703.5,否,50,374.5,131,125,141
奉贤区,上海奉贤区世外学校,上海市格致中学（奉贤校区）,747.5,否,50,408.5,146,124,145
奉贤区,上海奉贤区世外学校,上海市奉贤中学,734.5,否,50,395.5,131,126,145
奉贤区,上海奉贤区世外学校,华东师范大学第二附属中学临港奉贤分校,736,否,50,405,126,135,139
奉贤区,上海市奉贤区胡桥学校,上海市格致中学（奉贤校区）,674,否,50,360,108,119,122
奉贤区,上海市奉贤区胡桥学校,上海市奉贤中学,736.5,否,50,400.5,134,129,141
奉贤区,上海市奉贤区柘林学校,上海市格致中学（奉贤校区）,725,否,50,389,117,128,143
奉贤区,上海市奉贤区柘林学校,上海市奉贤中学,721.5,否,50,387.5,115,127,140
奉贤区,上海市奉贤区柘林学校,华东师范大学第二附属中学临港奉贤分校,727,否,50,404,141,123,135
奉贤区,上海市奉贤区阳光外国语学校,上海市格致中学（奉贤校区）,732.5,否,50,402,131,127,136
奉贤区,上海市奉贤区阳光外国语学校,上海市奉贤中学,742,否,50,400,129,130,147
奉贤区,上海市奉贤区阳光外国语学校,华东师范大学第二附属中学临港奉贤分校,735.5,否,50,401,127,130,143
奉贤区,上海市奉贤区庄行学校,上海市格致中学（奉贤校区）,728,否,50,389.5,122,123,144
奉贤区,上海市奉贤区庄行学校,上海市奉贤中学,738,否,50,411,142,129,139
奉贤区,上海市奉贤区庄行学校,华东师范大学第二附属中学临港奉贤分校,731.5,否,50,405.5,129,135,136
奉贤区,上海市奉贤区邬桥学校,上海市格致中学（奉贤校区）,724,否,50,396,127,126,137
奉贤区,上海市奉贤区邬桥学校,上海市奉贤中学,743,否,50,406,141,124,144
奉贤区,上海市奉贤区邬桥学校,华东师范大学第二附属中学临港奉贤分校,715,否,50,387,117,131,134
奉贤区,上海市奉贤区齐贤学校,上海市格致中学（奉贤校区）,703.5,否,50,383,140,113,128
奉贤区,上海市奉贤区齐贤学校,上海市奉贤中学,723.5,否,50,405.5,133,131,126
奉贤区,上海市奉贤区齐贤学校,华东师范大学第二附属中学临港奉贤分校,696,否,50,380.5,138,107,136
奉贤区,上海理工大学附属奉贤学校,上海市格致中学（奉贤校区）,730.5,否,50,402.5,129,129,135
奉贤区,上海理工大学附属奉贤学校,上海市奉贤中学,733.5,否,50,403.5,120,136,141
奉贤区,上海理工大学附属奉贤学校,华东师范大学第二附属中学临港奉贤分校,732.5,否,50,397.5,125,134,142
奉贤区,上海市奉贤中学附属三官堂学校,上海市格致中学（奉贤校区）,705,否,50,373.5,102,126,139
奉贤区,上海市奉贤中学附属三官堂学校,上海市奉贤中学,715.5,否,50,381,121,120,137
奉贤区,上海市奉贤中学附属三官堂学校,华东师范大学第二附属中学临港奉贤分校,681,否,50,374,102,129,116
奉贤区,上海市奉贤区钱桥学校,上海市格致中学（奉贤校区）,733.5,否,50,408.5,136,128,141
奉贤区,上海市奉贤区钱桥学校,上海市奉贤中学,753,否,50,412,138,131,143
奉贤区,上海市奉贤区钱桥学校,华东师范大学第二附属中学临港奉贤分校,738,否,50,405,132,128,138
奉贤区,上海市奉贤区平安学校,上海市格致中学（奉贤校区）,716.5,否,50,391.5,130,124,131
奉贤区,上海市奉贤区平安学校,上海市奉贤中学,717,否,50,396,128,126,129
奉贤区,上海市奉贤区平安学校,华东师范大学第二附属中学临港奉贤分校,714,否,50,388.5,123,122,132
奉贤区,上海市奉贤区邵厂学校,上海市奉贤中学,667.5,否,50,356.5,106,112,124
奉贤区,上海市奉贤区邵厂学校,华东师范大学第二附属中学临港奉贤分校,679.5,否,50,386.5,120,129,107
奉贤区,上海市奉贤区弘文学校,上海市格致中学（奉贤校区）,743,否,50,413,135,132,134
奉贤区,上海市奉贤区弘文学校,上海市奉贤中学,746.5,否,50,418.5,142,133,135
奉贤区,上海市奉贤区弘文学校,华东师范大学第二附属中学临港奉贤分校,739,否,50,397,133,124,148
奉贤区,上海市奉贤区星火学校,上海市格致中学（奉贤校区）,731,否,50,395,134,118,141
奉贤区,上海市奉贤区星火学校,上海市奉贤中学,739,否,50,407.5,137,129,141
奉贤区,上海市奉贤区星火学校,华东师范大学第二附属中学临港奉贤分校,747.5,否,50,406,133,129,145
奉贤区,上海市奉贤区蓝湾五四学校,上海市格致中学（奉贤校区）,713.5,否,50,390.5,119,129,130
奉贤区,上海市奉贤区蓝湾五四学校,上海市奉贤中学,724.5,否,50,382.5,125,117,145
奉贤区,上海市奉贤区蓝湾五四学校,华东师范大学第二附属中学临港奉贤分校,728,否,50,392.5,135,115,145
奉贤区,上海市奉贤区肇文学校,上海市格致中学（奉贤校区）,717,否,50,392,129,124,135
奉贤区,上海市奉贤区肇文学校,上海市奉贤中学,723,否,50,389.5,125,122,139
奉贤区,上海市奉贤区肇文学校,华东师范大学第二附属中学临港奉贤分校,717.5,否,50,384,125,124,141
奉贤区,上海市奉贤区奉浦中学,上海市格致中学（奉贤校区）,732.5,否,50,408.5,140,129,131
奉贤区,上海市奉贤区奉浦中学,上海市奉贤中学,732,否,50,397,117,135,140
奉贤区,上海市奉贤区奉浦中学,华东师范大学第二附属中学临港奉贤分校,728,否,50,393,137,120,141
奉贤区,上海大学附属奉贤实验学校,上海市格致中学（奉贤校区）,716.5,否,50,396.5,124,129,127
奉贤区,上海大学附属奉贤实验学校,上海市奉贤中学,725,否,50,405,132,129,124
奉贤区,上海大学附属奉贤实验学校,华东师范大学第二附属中学临港奉贤分校,712.5,否,50,395,129,125,126
奉贤区,上海奉贤区世外教育附属临港外国语学校,上海市格致中学（奉贤校区）,714.5,否,50,387.5,127,119,134
奉贤区,上海奉贤区世外教育附属临港外国语学校,上海市奉贤中学,714.5,否,50,376.5,98,132,143
奉贤区,上海奉贤区世外教育附属临港外国语学校,华东师范大学第二附属中学临港奉贤分校,739,否,50,404,138,123,139
宝山区,上海市淞谊中学,上海市行知中学,743.5,否,50,407.5,126,132,137
宝山区,上海市淞谊中学,上海大学附属中学,724,否,50,392,121,124,136
宝山区,上海市淞谊中学,上海师范大学附属中学宝山分校,735.5,否,50,410,137,129,136
宝山区,上海市淞谊中学,上海市吴淞中学,734.5,是,,,,,
宝山区,上海市淞谊中学,华东师范大学第二附属中学（宝山校区）,751,否,50,416,149,130,141
宝山区,上海市宝山区教育学院附属中学,上海市行知中学,749,否,50,409,130,133,142
宝山区,上海市宝山区教育学院附属中学,上海大学附属中学,719,否,50,395.5,125,136,130
宝山区,上海市宝山区教育学院附属中学,上海师范大学附属中学宝山分校,734,否,50,403,127,130,139
宝山区,上海市宝山区教育学院附属中学,上海市吴淞中学,726.5,否,50,397.5,125,129,135
宝山区,上海市宝山区教育学院附属中学,华东师范大学第二附属中学（宝山校区）,759,否,50,420,139,137,141
宝山区,上海市宝山区吴淞初级中学,上海市行知中学,699,否,50,388.5,134,115,129
宝山区,上海市宝山区吴淞初级中学,上海大学附属中学,719.5,否,50,390.5,130,127,137
宝山区,上海市宝山区吴淞初级中学,上海师范大学附属中学宝山分校,737,否,50,401.5,139,121,141
宝山区,上海市宝山区吴淞初级中学,上海市吴淞中学,716,否,50,394,131,125,132
宝山区,上海市宝山区吴淞初级中学,华东师范大学第二附属中学（宝山校区）,725,否,50,400,138,119,130
宝山区,上海市吴淞中学附属宝山实验学,上海市行知中学,745.5,否,50,407,140,125,145
宝山区,上海市吴淞中学附属宝山实验学,上海大学附属中学,712,否,50,384,116,123,136
宝山区,上海市吴淞中学附属宝山实验学,上海师范大学附属中学宝山分校,723,否,50,396,124,131,131
宝山区,上海市吴淞中学附属宝山实验学,上海市吴淞中学,726.5,否,50,405,130,131,133
宝山区,上海市吴淞中学附属宝山实验学,华东师范大学第二附属中学（宝山校区）,757,否,50,419,142,133,142
宝山区,上海民办宝莲中学,上海市行知中学,737.5,否,50,406.5,135,129,137
宝山区,上海民办宝莲中学,上海大学附属中学,721,否,50,402,137,123,133
宝山区,上海民办宝莲中学,上海师范大学附属中学宝山分校,737.5,否,50,401,125,135,140
宝山区,上海民办宝莲中学,上海市吴淞中学,728.5,否,50,392,133,119,141
宝山区,上海民办宝莲中学,华东师范大学第二附属中学（宝山校区）,758.5,否,50,420.5,142,132,143
宝山区,上海市吴淞第二中学,上海市行知中学,705,否,50,387.5,136,117,133
宝山区,上海市吴淞第二中学,上海大学附属中学,707.5,否,50,386.5,118,137,128
宝山区,上海市吴淞第二中学,上海师范大学附属中学宝山分校,704,否,50,380,108,129,131
宝山区,上海市吴淞第二中学,上海市吴淞中学,714.5,否,50,390,137,116,138
宝山区,上海市吴淞第二中学,华东师范大学第二附属中学（宝山校区）,735,否,50,405.5,133,128,138
宝山区,上海市虎林中学,复旦大学附属中学,749,否,50,411.5,144,120,142
宝山区,上海市虎林中学,上海市行知中学,721.5,否,50,390,128,124,143
宝山区,上海市虎林中学,上海大学附属中学,701.5,否,50,393,133,119,119
宝山区,上海市虎林中学,上海师范大学附属中学宝山分校,734,否,50,401,133,125,142
宝山区,上海市虎林中学,上海市吴淞中学,701.5,否,50,370.5,115,117,135
宝山区,上海市虎林中学,华东师范大学第二附属中学（宝山校区）,749,否,50,411,129,137,139
宝山区,上海市泗塘中学,上海市行知中学,734.5,否,50,409.5,134,134,134
宝山区,上海市泗塘中学,上海大学附属中学,719.5,否,50,398.5,131,127,132
宝山区,上海市泗塘中学,上海师范大学附属中学宝山分校,720.5,否,50,393.5,124,129,135
宝山区,上海市泗塘中学,上海市吴淞中学,731.5,否,50,393.5,119,132,141
宝山区,上海市泗塘中学,华东师范大学第二附属中学（宝山校区）,760,否,50,417,144,126,145
宝山区,上海市宝山区求真中学北校,上海市行知中学,738.5,否,50,403.5,137,122,140
宝山区,上海市宝山区求真中学北校,上海大学附属中学,727,否,50,402,139,121,140
宝山区,上海市宝山区求真中学北校,上海师范大学附属中学宝山分校,729.5,否,50,395.5,134,130,139
宝山区,上海市宝山区求真中学北校,上海市吴淞中学,718,否,50,387.5,127,119,144
宝山区,上海市宝山区求真中学北校,华东师范大学第二附属中学（宝山校区）,749,否,50,412.5,148,123,144
宝山区,上海市宝山区求真中学南校,上海市行知中学,716,否,50,396,134,127,128
宝山区,上海市宝山区求真中学南校,上海大学附属中学,709.5,否,50,386,123,127,129
宝山区,上海市宝山区求真中学南校,上海师范大学附属中学宝山分校,714,否,50,388,131,125,134
宝山区,上海市宝山区求真中学南校,上海市吴淞中学,704.5,否,50,377.5,136,115,135
宝山区,上海市宝山区求真中学南校,华东师范大学第二附属中学（宝山校区）,721,否,50,396,122,132,129
宝山区,上海市长江第二中学,上海市行知中学,732.5,否,50,397.5,134,120,141
宝山区,上海市长江第二中学,上海大学附属中学,714.5,否,50,392.5,115,131,130
宝山区,上海市长江第二中学,上海师范大学附属中学宝山分校,712,否,50,384.5,119,124,135
宝山区,上海市长江第二中学,上海市吴淞中学,720,否,50,395,117,133,132
宝山区,上海市长江第二中学,华东师范大学第二附属中学（宝山校区）,760,否,50,418.5,142,133,147
宝山区,上海市宝山区求真中学,上海交通大学附属中学,764,否,50,417,137,136,150
宝山区,上海市宝山区求真中学,上海市行知中学,739,否,50,402,133,129,144
宝山区,上海市宝山区求真中学,上海大学附属中学,722.5,否,50,391.5,127,120,142
宝山区,上海市宝山区求真中学,上海师范大学附属中学宝山分校,737.5,否,50,409.5,137,129,137
宝山区,上海市宝山区求真中学,上海市吴淞中学,726.5,否,50,393.5,131,124,138
宝山区,上海市宝山区求真中学,华东师范大学第二附属中学（宝山校区）,758,否,50,418,144,131,142
宝山区,上海市大场中学,上海市行知中学,742.5,否,50,402.5,138,123,144
宝山区,上海市大场中学,上海大学附属中学,723.5,否,50,391.5,129,119,137
宝山区,上海市大场中学,上海师范大学附属中学宝山分校,735.5,否,50,399.5,127,130,141
宝山区,上海市大场中学,上海市吴淞中学,727.5,否,50,395.5,131,122,144
宝山区,上海市大场中学,华东师范大学第二附属中学（宝山校区）,746,否,50,411,141,129,141
宝山区,上海市大华中学,上海市行知中学,748.5,否,50,409.5,136,132,147
宝山区,上海市大华中学,上海大学附属中学,718.5,否,50,394.5,129,128,132
宝山区,上海市大华中学,上海师范大学附属中学宝山分校,731,否,50,399,118,139,138
宝山区,上海市大华中学,上海市吴淞中学,716,否,50,400,127,131,128
宝山区,上海市大华中学,华东师范大学第二附属中学（宝山校区）,756,否,50,417,141,132,144
宝山区,上海市月浦中学,上海市行知中学,740,否,50,410,135,131,137
宝山区,上海市月浦中学,上海大学附属中学,718,否,50,378,113,125,146
宝山区,上海市月浦中学,上海师范大学附属中学宝山分校,719,否,50,391,122,124,131
宝山区,上海市月浦中学,上海市吴淞中学,720.5,否,50,406.5,129,132,120
宝山区,上海市月浦中学,华东师范大学第二附属中学（宝山校区）,670.5,否,50,360.5,109,117,120
宝山区,上海市宝山华曜附属罗泾中学,上海市行知中学,743,否,50,413,132,133,135
宝山区,上海市宝山华曜附属罗泾中学,上海大学附属中学,704.5,否,50,383.5,114,126,130
宝山区,上海市宝山华曜附属罗泾中学,上海师范大学附属中学宝山分校,706,否,50,389.5,139,116,130
宝山区,上海市宝山华曜附属罗泾中学,上海市吴淞中学,715,否,50,398.5,127,128,130
宝山区,上海市宝山华曜附属罗泾中学,华东师范大学第二附属中学（宝山校区）,752.5,否,50,412.5,145,128,142
宝山区,上海市罗南中学,上海市行知中学,751,否,50,410.5,140,125,144
宝山区,上海市罗南中学,上海大学附属中学,730.5,否,50,400.5,121,133,137
宝山区,上海市罗南中学,上海师范大学附属中学宝山分校,738.5,否,50,398.5,129,130,143
宝山区,上海市罗南中学,上海市吴淞中学,720.5,否,50,396.5,133,127,135
宝山区,上海市罗南中学,华东师范大学第二附属中学（宝山校区）,761,否,50,419,146,127,145
宝山区,上海市民办交华中学,上海市行知中学,742.5,否,50,407.5,126,134,136
宝山区,上海市民办交华中学,上海大学附属中学,722,否,50,395,122,127,137
宝山区,上海市民办交华中学,上海师范大学附属中学宝山分校,742,否,50,413,133,133,133
宝山区,上海市民办交华中学,上海市吴淞中学,716.5,否,50,389.5,124,124,138
宝山区,上海市民办交华中学,华东师范大学第二附属中学（宝山校区）,758.5,否,50,424.5,141,135,141
宝山区,上海市宝山实验学校高境分校,上海市行知中学,722.5,否,50,388.5,128,119,142
宝山区,上海市宝山实验学校高境分校,上海大学附属中学,704.5,否,50,383.5,126,118,131
宝山区,上海市宝山实验学校高境分校,上海师范大学附属中学宝山分校,729.5,否,50,399.5,134,126,135
宝山区,上海市宝山实验学校高境分校,上海市吴淞中学,713,否,50,377.5,111,124,139
宝山区,上海市宝山实验学校高境分校,华东师范大学第二附属中学（宝山校区）,759,否,50,416,140,130,145
宝山区,上海市宝山实验学校高境分校,华东师范大学第二附属中学,756.5,否,50,413.5,144,125,148
宝山区,上海市宝山区罗店第二中学,上海市行知中学,717.5,否,50,383,121,122,137
宝山区,上海市宝山区罗店第二中学,上海大学附属中学,711.5,否,50,387.5,113,130,134
宝山区,上海市宝山区罗店第二中学,上海师范大学附属中学宝山分校,716.5,否,50,392,143,110,133
宝山区,上海市宝山区罗店第二中学,上海市吴淞中学,709.5,否,50,379.5,125,122,137
宝山区,上海市宝山区罗店第二中学,华东师范大学第二附属中学（宝山校区）,735,否,50,391.5,134,114,146
宝山区,上海市宝山区罗店第二中学,华东师范大学第二附属中学,760.5,否,50,417,144,126,146
宝山区,上海市宝山区乐之中学,上海市行知中学,718.5,否,50,398.5,134,124,136
宝山区,上海市宝山区乐之中学,上海大学附属中学,718,否,50,390.5,127,124,139
宝山区,上海市宝山区乐之中学,上海师范大学附属中学宝山分校,753.5,否,50,420.5,139,136,140
宝山区,上海市宝山区乐之中学,上海市吴淞中学,718,否,50,388,127,122,141
宝山区,上海市宝山区乐之中学,华东师范大学第二附属中学（宝山校区）,746.5,否,50,415,145,130,140
宝山区,上海市宝山区美兰湖中学,上海市行知中学,733,否,50,404,139,124,136
宝山区,上海市宝山区美兰湖中学,上海大学附属中学,725.5,否,50,395.5,120,133,135
宝山区,上海市宝山区美兰湖中学,上海师范大学附属中学宝山分校,724.5,否,50,403.5,133,124,126
宝山区,上海市宝山区美兰湖中学,上海市吴淞中学,718,否,50,394,134,118,131
宝山区,上海市宝山区美兰湖中学,华东师范大学第二附属中学（宝山校区）,761,否,50,421,142,132,143
宝山区,上海市宝山区杨泰实验中学,上海市行知中学,745,否,50,419.5,150,127,139
宝山区,上海市宝山区杨泰实验中学,上海大学附属中学,724,否,50,400,130,128,135
宝山区,上海市宝山区杨泰实验中学,上海师范大学附属中学宝山分校,741,否,50,403,143,115,145
宝山区,上海市宝山区杨泰实验中学,上海市吴淞中学,726,否,50,400,140,123,136
宝山区,上海市宝山区杨泰实验中学,华东师范大学第二附属中学（宝山校区）,753.5,否,50,418.5,142,129,140
宝山区,上海师范大学附属宝山经纬实验中学,上海市行知中学,741,否,50,407,133,135,139
宝山区,上海师范大学附属宝山经纬实验中学,上海大学附属中学,721.5,否,50,396.5,132,127,137
宝山区,上海师范大学附属宝山经纬实验中学,上海师范大学附属中学宝山分校,744,否,50,404,144,126,143
宝山区,上海师范大学附属宝山经纬实验中学,上海市吴淞中学,716.5,否,50,391.5,117,131,136
宝山区,上海师范大学附属宝山经纬实验中学,华东师范大学第二附属中学（宝山校区）,760,否,50,418,137,134,144
宝山区,上海师范大学附属宝山罗店中学,上海市行知中学,712,否,50,390,130,126,127
宝山区,上海师范大学附属宝山罗店中学,上海大学附属中学,718,否,50,379.5,117,124,142
宝山区,上海师范大学附属宝山罗店中学,上海师范大学附属中学宝山分校,741,否,50,407.5,135,130,139
宝山区,上海师范大学附属宝山罗店中学,上海市吴淞中学,708.5,否,50,384.5,114,129,129
宝山区,上海师范大学附属宝山罗店中学,华东师范大学第二附属中学（宝山校区）,743,否,50,405,132,128,142
宝山区,上海师范大学附属宝山罗店中学,华东师范大学第二附属中学,745.5,否,50,415.5,139,130,136
宝山区,上海市宝山中学,上海市行知中学,747,否,50,408.5,146,119,145
宝山区,上海市宝山中学,上海大学附属中学,728,否,50,397,134,124,140
宝山区,上海市宝山中学,上海师范大学附属中学宝山分校,735,否,50,400,135,124,140
宝山区,上海市宝山中学,上海市吴淞中学,733.5,否,50,400.5,132,121,140
宝山区,上海市宝山中学,华东师范大学第二附属中学（宝山校区）,756.5,否,50,418.5,146,129,141
宝山区,上海市顾村中学,上海市行知中学,728.5,否,50,397.5,146,126,140
宝山区,上海市顾村中学,上海大学附属中学,719.5,否,50,397.5,131,136,134
宝山区,上海市顾村中学,上海师范大学附属中学宝山分校,729,否,50,405,127,132,130
宝山区,上海市顾村中学,上海市吴淞中学,715,否,50,390,127,122,134
宝山区,上海市顾村中学,华东师范大学第二附属中学（宝山校区）,740,否,50,411,136,128,136
宝山区,上海市行知实验中学,上海市行知中学,743,否,50,408,140,129,145
宝山区,上海市行知实验中学,上海大学附属中学,718.5,否,50,382,117,125,142
宝山区,上海市行知实验中学,上海师范大学附属中学宝山分校,731.5,否,50,400.5,136,122,139
宝山区,上海市行知实验中学,上海市吴淞中学,716.5,否,50,391,123,128,134
宝山区,上海市行知实验中学,华东师范大学第二附属中学（宝山校区）,746,否,50,410.5,144,129,140
宝山区,上海市盛桥中学,上海市行知中学,719.5,否,50,393,140,119,134
宝山区,上海市盛桥中学,上海大学附属中学,700.5,否,50,381,116,129,124
宝山区,上海市盛桥中学,上海师范大学附属中学宝山分校,700.5,否,50,393.5,122,129,121
宝山区,上海市盛桥中学,上海市吴淞中学,688,否,50,374,111,124,119
宝山区,上海市盛桥中学,华东师范大学第二附属中学（宝山校区）,729.5,否,50,397.5,131,125,138
宝山区,上海市同洲模范学校,上海交通大学附属中学,763.5,否,50,425.5,144,134,144
宝山区,上海市同洲模范学校,上海市行知中学,741.5,否,50,413.5,140,131,135
宝山区,上海市同洲模范学校,上海大学附属中学,729,否,50,396,125,125,141
宝山区,上海市同洲模范学校,上海师范大学附属中学宝山分校,735,否,50,403,133,131,137
宝山区,上海市同洲模范学校,上海市吴淞中学,725.5,否,50,396,133,121,141
宝山区,上海市同洲模范学校,华东师范大学第二附属中学（宝山校区）,757.5,否,50,415.5,139,128,145
宝山区,上海市宝山实验学校,上海市行知中学,749.5,否,50,411.5,143,129,143
宝山区,上海市宝山实验学校,上海大学附属中学,722,否,50,396,137,118,139
宝山区,上海市宝山实验学校,上海师范大学附属中学宝山分校,740.5,否,50,405,138,124,144
宝山区,上海市宝山实验学校,上海市吴淞中学,729.5,否,50,399.5,127,130,139
宝山区,上海市宝山实验学校,华东师范大学第二附属中学（宝山校区）,759,否,50,421,138,135,142
宝山区,上海金瑞学校,上海市行知中学,710.5,否,50,391.5,133,121,129
宝山区,上海金瑞学校,上海大学附属中学,696.5,否,50,370.5,108,123,133
宝山区,上海金瑞学校,上海师范大学附属中学宝山分校,699.5,否,50,390.5,127,122,123
宝山区,上海金瑞学校,上海市吴淞中学,667.5,否,50,358.5,99,124,117
宝山区,上海金瑞学校,华东师范大学第二附属中学（宝山校区）,737,否,50,410,144,126,136
宝山区,上海市民办锦秋学校,复旦大学附属中学,748,否,50,409,140,129,144
宝山区,上海市民办锦秋学校,上海市行知中学,719.5,否,50,404,133,132,123
宝山区,上海市民办锦秋学校,上海大学附属中学,717,否,50,395,136,117,129
宝山区,上海市民办锦秋学校,上海师范大学附属中学宝山分校,736.5,否,50,398.5,137,120,146
宝山区,上海市民办锦秋学校,上海市吴淞中学,717,否,50,393,136,120,129
宝山区,上海市民办锦秋学校,华东师范大学第二附属中学（宝山校区）,743,否,50,402,129,128,144
宝山区,上海市月浦实验学校,上海市行知中学,738,否,50,398.5,128,127,144
宝山区,上海市月浦实验学校,上海大学附属中学,725,否,50,394,130,124,139
宝山区,上海市月浦实验学校,上海师范大学附属中学宝山分校,738,否,50,407,141,121,141
宝山区,上海市月浦实验学校,上海市吴淞中学,726,否,50,396,135,121,141
宝山区,上海市月浦实验学校,华东师范大学第二附属中学（宝山校区）,758.5,否,50,414.5,145,128,148
宝山区,上海市宝山实验学校分校,上海市行知中学,746,否,50,413,134,134,141
宝山区,上海市宝山实验学校分校,上海大学附属中学,719,否,50,389,134,119,143
宝山区,上海市宝山实验学校分校,上海师范大学附属中学宝山分校,736.5,否,50,405.5,136,128,135
宝山区,上海市宝山实验学校分校,上海市吴淞中学,729,否,50,407,134,127,130
宝山区,上海市宝山实验学校分校,华东师范大学第二附属中学（宝山校区）,757.5,否,50,427.5,150,130,140
宝山区,上海市吴淞实验学校,上海市行知中学,746.5,否,50,411.5,141,125,144
宝山区,上海市吴淞实验学校,上海大学附属中学,720,否,50,387.5,123,124,143
宝山区,上海市吴淞实验学校,上海师范大学附属中学宝山分校,730,否,50,400,138,124,134
宝山区,上海市吴淞实验学校,上海市吴淞中学,735,否,50,399,132,129,146
宝山区,上海市吴淞实验学校,华东师范大学第二附属中学（宝山校区）,755.5,否,50,418,141,132,144
宝山区,上海市宝山区天馨学校,上海市行知中学,738.5,否,50,403.5,131,129,144
宝山区,上海市宝山区天馨学校,上海大学附属中学,726,否,50,406.5,132,131,125
宝山区,上海市宝山区天馨学校,上海师范大学附属中学宝山分校,722.5,否,50,397.5,122,130,139
宝山区,上海市宝山区天馨学校,上海市吴淞中学,713,否,50,384.5,120,124,142
宝山区,上海市宝山区天馨学校,华东师范大学第二附属中学（宝山校区）,748.5,否,50,408,139,124,145
宝山区,上海市宝山区上海大学附属中学实验学校,上海交通大学附属中学,762.5,否,50,418.5,137,134,149
宝山区,上海市宝山区上海大学附属中学实验学校,上海市行知中学,740.5,否,50,407.5,129,130,138
宝山区,上海市宝山区上海大学附属中学实验学校,上海大学附属中学,724.5,否,50,394.5,142,112,140
宝山区,上海市宝山区上海大学附属中学实验学校,上海师范大学附属中学宝山分校,740,否,50,406,128,132,142
宝山区,上海市宝山区上海大学附属中学实验学校,上海市吴淞中学,722.5,否,50,390.5,126,125,140
宝山区,上海市宝山区上海大学附属中学实验学校,华东师范大学第二附属中学（宝山校区）,751,否,50,416,146,124,143
宝山区,上海市宝山区共富实验学校,上海市行知中学,739.5,否,50,401.5,134,126,144
宝山区,上海市宝山区共富实验学校,上海大学附属中学,726,否,50,393.5,126,123,141
宝山区,上海市宝山区共富实验学校,上海师范大学附属中学宝山分校,725,否,50,402,142,118,140
宝山区,上海市宝山区共富实验学校,上海市吴淞中学,721.5,否,50,393,122,124,135
宝山区,上海市宝山区共富实验学校,华东师范大学第二附属中学（宝山校区）,755,否,50,421,144,132,140
宝山区,华东师范大学宝山实验学校,上海交通大学附属中学,765,否,50,427,150,131,146
宝山区,华东师范大学宝山实验学校,上海市行知中学,727.5,否,50,400,139,122,139
宝山区,华东师范大学宝山实验学校,上海大学附属中学,722.5,否,50,391,117,132,139
宝山区,华东师范大学宝山实验学校,上海师范大学附属中学宝山分校,725,否,50,389,129,123,142
宝山区,华东师范大学宝山实验学校,上海市吴淞中学,728,否,50,395.5,123,128,139
宝山区,华东师范大学宝山实验学校,华东师范大学第二附属中学（宝山校区）,756,否,50,415.5,137,133,146
宝山区,上海大学附属学校,上海市行知中学,727.5,否,50,395,135,120,141
宝山区,上海大学附属学校,上海大学附属中学,727.5,否,50,396.5,124,126,139
宝山区,上海大学附属学校,上海师范大学附属中学宝山分校,743.5,否,50,413,142,128,140
宝山区,上海大学附属学校,上海市吴淞中学,717.5,否,50,394.5,121,129,131
宝山区,上海大学附属学校,华东师范大学第二附属中学（宝山校区）,747,否,50,409.5,140,125,142
宝山区,上海农场学校,上海市行知中学,723,否,50,395,122,131,133
宝山区,上海农场学校,上海大学附属中学,715.5,否,50,393.5,122,129,130
宝山区,上海农场学校,上海师范大学附属中学宝山分校,715.5,否,50,380.5,125,120,143
宝山区,上海农场学校,上海市吴淞中学,715,否,50,390,122,127,133
宝山区,上海农场学校,华东师范大学第二附属中学（宝山校区）,751.5,否,50,412.5,140,133,148
宝山区,上海市宝山区馨家园学校,上海市行知中学,722,否,50,386,123,119,142
宝山区,上海市宝山区馨家园学校,上海大学附属中学,718.5,否,50,400.5,132,125,130
宝山区,上海市宝山区馨家园学校,上海师范大学附属中学宝山分校,730.5,否,50,398.5,136,124,137
宝山区,上海市宝山区馨家园学校,上海市吴淞中学,722.5,否,50,395.5,133,121,135
宝山区,上海市宝山区馨家园学校,华东师范大学第二附属中学（宝山校区）,715,否,50,391.5,118,133,131
宝山区,上海世外教育附属宝山大华实验学校,复旦大学附属中学,765,否,50,419,143,134,149
宝山区,上海世外教育附属宝山大华实验学校,上海市行知中学,741,否,50,401,135,124,143
宝山区,上海世外教育附属宝山大华实验学校,上海大学附属中学,721.5,否,50,392,132,122,138
宝山区,上海世外教育附属宝山大华实验学校,上海师范大学附属中学宝山分校,751.5,否,50,416.5,146,124,141
宝山区,上海世外教育附属宝山大华实验学校,上海市吴淞中学,730,否,50,392.5,136,114,141
宝山区,上海世外教育附属宝山大华实验学校,华东师范大学第二附属中学（宝山校区）,757.5,否,50,420.5,146,129,139
宝山区,上海市宝山区淞谊实验学校,上海市行知中学,733,否,50,398,133,125,143
宝山区,上海市宝山区淞谊实验学校,上海大学附属中学,712.5,否,50,376.5,131,114,141
宝山区,上海市宝山区淞谊实验学校,上海师范大学附属中学宝山分校,707,否,50,380,120,121,142
宝山区,上海市宝山区淞谊实验学校,上海市吴淞中学,708.5,否,50,380.5,125,117,134
宝山区,上海市宝山区淞谊实验学校,华东师范大学第二附属中学（宝山校区）,750.5,否,50,410.5,131,137,143
宝山区,上海市宝山区鹿鸣学校,上海市行知中学,726.5,否,50,395.5,127,125,135
宝山区,上海市宝山区鹿鸣学校,上海大学附属中学,725.5,否,50,396.5,124,130,132
宝山区,上海市宝山区鹿鸣学校,上海师范大学附属中学宝山分校,734.5,否,50,393.5,124,125,145
宝山区,上海市宝山区鹿鸣学校,上海市吴淞中学,721,否,50,388,140,117,139
宝山区,上海市宝山区鹿鸣学校,华东师范大学第二附属中学（宝山校区）,751,否,50,415.5,145,127,141
宝山区,上海市宝山区庙行实验学校,上海市行知中学,738.5,否,50,407,138,125,141
宝山区,上海市宝山区庙行实验学校,上海大学附属中学,727,否,50,395,127,126,138
宝山区,上海市宝山区庙行实验学校,上海师范大学附属中学宝山分校,717.5,否,50,396.5,133,127,134
宝山区,上海市宝山区庙行实验学校,上海市吴淞中学,725,否,50,396,129,126,134
宝山区,上海市宝山区庙行实验学校,华东师范大学第二附属中学（宝山校区）,752.5,否,50,410.5,134,134,146
宝山区,上海市宝山区顾村实验学校,上海市行知中学,737.5,否,50,400.5,127,130,142
宝山区,上海市宝山区顾村实验学校,上海大学附属中学,722,否,50,395,132,134,134
宝山区,上海市宝山区顾村实验学校,上海师范大学附属中学宝山分校,722.5,否,50,395,131,120,138
宝山区,上海市宝山区顾村实验学校,上海市吴淞中学,713.5,否,50,383,113,130,136
宝山区,上海市宝山区顾村实验学校,华东师范大学第二附属中学（宝山校区）,743,否,50,410,142,126,142
宝山区,上海市教育学会宝山实验学校,上海交通大学附属中学,765,否,50,422,144,129,147
宝山区,上海市教育学会宝山实验学校,上海市行知中学,736.5,否,50,408.5,135,128,138
宝山区,上海市教育学会宝山实验学校,上海大学附属中学,717.5,否,50,398.5,137,120,129
宝山区,上海市教育学会宝山实验学校,上海师范大学附属中学宝山分校,734,否,50,401,132,125,139
宝山区,上海市教育学会宝山实验学校,上海市吴淞中学,718.5,否,50,390.5,119,128,135
宝山区,上海市教育学会宝山实验学校,华东师范大学第二附属中学（宝山校区）,752.5,否,50,414.5,144,127,145
宝山区,上海市宝山区行知外国语学校,复旦大学附属中学,763.5,否,50,423,146,131,145
宝山区,上海市宝山区行知外国语学校,上海市行知中学,744,否,50,411,132,135,141
宝山区,上海市宝山区行知外国语学校,上海大学附属中学,719,否,50,393,119,131,134
宝山区,上海市宝山区行知外国语学校,上海师范大学附属中学宝山分校,738.5,否,50,404.5,140,122,143
宝山区,上海市宝山区行知外国语学校,上海市吴淞中学,718.5,否,50,395.5,126,128,132
宝山区,上海市宝山区行知外国语学校,华东师范大学第二附属中学（宝山校区）,751,否,50,417,146,135,140
宝山区,上海市宝山区新民实验学校,上海市行知中学,733.5,否,50,397,126,127,139
宝山区,上海市宝山区新民实验学校,上海大学附属中学,718,否,50,398,127,131,132
宝山区,上海市宝山区新民实验学校,上海师范大学附属中学宝山分校,725,否,50,395,121,130,133
宝山区,上海市宝山区新民实验学校,上海市吴淞中学,724,否,50,402.5,128,128,129
宝山区,上海市宝山区新民实验学校,华东师范大学第二附属中学（宝山校区）,752.5,否,50,410.5,133,130,146
宝山区,上海市刘行新华实验学校,上海市行知中学,729.5,否,50,399.5,136,121,134
宝山区,上海市刘行新华实验学校,上海大学附属中学,726.5,否,50,393.5,129,133,139
宝山区,上海市刘行新华实验学校,上海师范大学附属中学宝山分校,735,否,50,404,131,127,136
宝山区,上海市刘行新华实验学校,上海市吴淞中学,721.5,否,50,392.5,133,120,134
宝山区,上海市刘行新华实验学校,华东师范大学第二附属中学（宝山校区）,758.5,否,50,423.5,140,136,143
宝山区,上海民办华曜宝山实验学校,上海市行知中学,741,否,50,413,139,131,133
宝山区,上海民办华曜宝山实验学校,上海大学附属中学,714,否,50,387,127,122,134
宝山区,上海民办华曜宝山实验学校,上海师范大学附属中学宝山分校,731,否,50,395,123,129,143
宝山区,上海民办华曜宝山实验学校,上海市吴淞中学,714,否,50,385.5,120,126,134
宝山区,上海民办华曜宝山实验学校,华东师范大学第二附属中学（宝山校区）,761.5,否,50,421.5,143,131,142
宝山区,上海大学附属宝山外国语学校,上海市行知中学,742.5,否,50,413,145,127,137
宝山区,上海大学附属宝山外国语学校,上海大学附属中学,724.5,否,50,400.5,133,123,130
宝山区,上海大学附属宝山外国语学校,上海师范大学附属中学宝山分校,735,否,50,404,121,138,136
宝山区,上海大学附属宝山外国语学校,上海市吴淞中学,727,否,50,395,131,121,139
宝山区,上海大学附属宝山外国语学校,华东师范大学第二附属中学（宝山校区）,753.5,否,50,416.5,145,129,143
宝山区,上海市白茅岭学校（上海市白茅岭学校军天湖分校）,上海市行知中学,694,否,50,375,123,119,127
宝山区,上海市白茅岭学校（上海市白茅岭学校军天湖分校）,上海大学附属中学,708.5,否,50,380.5,114,125,134
宝山区,上海市白茅岭学校（上海市白茅岭学校军天湖分校）,华东师范大学第二附属中学（宝山校区）,722,否,50,396,130,130,133
宝山区,上海外国语大学附属宝山双语学,上海市行知中学,739.5,否,50,408.5,135,128,139
宝山区,上海外国语大学附属宝山双语学,上海大学附属中学,724.5,否,50,394.5,128,123,135
宝山区,上海外国语大学附属宝山双语学,上海师范大学附属中学宝山分校,739,否,50,404,135,132,141
宝山区,上海外国语大学附属宝山双语学,上海市吴淞中学,723,否,50,398,124,131,130
宝山区,上海外国语大学附属宝山双语学,华东师范大学第二附属中学（宝山校区）,737,否,50,399,145,115,142
宝山区,上海市行知中学附属宝山实验学,上海市上海中学,750,否,50,419,144,131,139
宝山区,上海市行知中学附属宝山实验学,上海大学附属中学,700.5,否,50,380,113,129,137
宝山区,上海市行知中学附属宝山实验学,上海师范大学附属中学宝山分校,738,否,50,403.5,138,125,143
宝山区,上海市行知中学附属宝山实验学,上海市吴淞中学,719,否,50,384,115,130,140
宝山区,上海市行知中学附属宝山实验学,华东师范大学第二附属中学（宝山校区）,740,否,50,404.5,134,129,141
宝山区,上海民办至德实验学校,上海市行知中学,743.5,否,50,412.5,138,131,134
宝山区,上海民办至德实验学校,上海大学附属中学,720.5,否,50,399,127,127,128
宝山区,上海民办至德实验学校,上海师范大学附属中学宝山分校,730.5,否,50,408.5,146,124,127
宝山区,上海民办至德实验学校,上海市吴淞中学,729,否,50,402.5,137,124,140
宝山区,上海民办至德实验学校,华东师范大学第二附属中学（宝山校区）,762,否,50,420,143,131,144
宝山区,上海宝山区世外学校,上海市行知中学,730.5,否,50,401,128,128,131
宝山区,上海宝山区世外学校,上海大学附属中学,725,否,50,399.5,138,122,134
宝山区,上海宝山区世外学校,上海师范大学附属中学宝山分校,741.5,否,50,414.5,135,135,133
宝山区,上海宝山区世外学校,上海市吴淞中学,733.5,否,50,402.5,135,125,135
宝山区,上海宝山区世外学校,华东师范大学第二附属中学（宝山校区）,760,否,50,423,140,136,140
宝山区,上海师范大学附属宝山实验学校,上海市行知中学,742,否,50,405,139,125,140
宝山区,上海师范大学附属宝山实验学校,上海大学附属中学,727.5,否,50,400.5,139,125,134
宝山区,上海师范大学附属宝山实验学校,上海师范大学附属中学宝山分校,735.5,否,50,401.5,135,121,141
宝山区,上海师范大学附属宝山实验学校,上海市吴淞中学,732,否,50,400,138,120,136
宝山区,上海师范大学附属宝山实验学校,华东师范大学第二附属中学（宝山校区）,758,否,50,417,133,140,145
宝山区,上海师范大学附属宝山潜溪学校,上海市行知中学,738.5,否,50,398.5,136,116,149
宝山区,上海师范大学附属宝山潜溪学校,上海大学附属中学,714,否,50,391.5,136,119,138
宝山区,上海师范大学附属宝山潜溪学校,上海师范大学附属中学宝山分校,733.5,否,50,404.5,142,123,138
宝山区,上海师范大学附属宝山潜溪学校,上海市吴淞中学,712,否,50,390,124,126,130
宝山区,上海师范大学附属宝山潜溪学校,华东师范大学第二附属中学（宝山校区）,761.5,否,50,420.5,148,128,149
宝山区,上海市宝山区南大实验学校,上海市上海中学,762,否,50,426,148,133,140
宝山区,上海市宝山区南大实验学校,上海市行知中学,718,否,50,389,127,124,139
宝山区,上海市宝山区南大实验学校,上海大学附属中学,725,否,50,396.5,137,125,135
宝山区,上海市宝山区南大实验学校,上海师范大学附属中学宝山分校,741,否,50,402,128,129,142
宝山区,上海市宝山区南大实验学校,上海市吴淞中学,715,否,50,388,127,118,137
宝山区,上海市宝山区南大实验学校,华东师范大学第二附属中学（宝山校区）,746.5,否,50,405.5,132,131,144
宝山区,上海世外教育附属宝山美兰湖实验学校,上海交通大学附属中学,757,否,50,413,133,135,148
宝山区,上海世外教育附属宝山美兰湖实验学校,上海市行知中学,732,否,50,399,132,122,139
宝山区,上海世外教育附属宝山美兰湖实验学校,上海大学附属中学,731.5,否,50,404.5,138,126,132
宝山区,上海世外教育附属宝山美兰湖实验学校,上海师范大学附属中学宝山分校,696.5,否,50,371.5,104,121,132
宝山区,上海世外教育附属宝山美兰湖实验学校,上海市吴淞中学,707,否,50,378.5,126,118,136
宝山区,上海世外教育附属宝山美兰湖实验学校,华东师范大学第二附属中学（宝山校区）,751.5,否,50,409.5,139,127,145
宝山区,上海市存志附属宝山实验学校,上海市行知中学,727.5,否,50,398.5,130,124,136
宝山区,上海市存志附属宝山实验学校,上海大学附属中学,725.5,否,50,393.5,125,129,137
宝山区,上海市存志附属宝山实验学校,上海师范大学附属中学宝山分校,721,否,50,392,126,123,137
宝山区,上海市存志附属宝山实验学校,上海市吴淞中学,722,否,50,391,120,132,140
宝山区,上海市存志附属宝山实验学校,华东师范大学第二附属中学（宝山校区）,753,否,50,414,143,130,144
宝山区,上海市宝山区顾村科技园学校,上海市行知中学,744,否,50,412,139,133,140
宝山区,上海市宝山区顾村科技园学校,上海大学附属中学,720,否,50,390,132,128,137
宝山区,上海市宝山区顾村科技园学校,上海师范大学附属中学宝山分校,738.5,否,50,406,133,130,137
宝山区,上海市宝山区顾村科技园学校,上海市吴淞中学,721,否,50,396.5,133,125,136
宝山区,上海市宝山区顾村科技园学校,华东师范大学第二附属中学（宝山校区）,753.5,否,50,416.5,146,131,140
宝山区,华东师范大学附属宝山宝杨实验学校,上海市行知中学,722.5,否,50,394.5,128,123,134
宝山区,华东师范大学附属宝山宝杨实验学校,上海大学附属中学,715,否,50,389,121,128,139
宝山区,华东师范大学附属宝山宝杨实验学校,上海师范大学附属中学宝山分校,696,否,50,373.5,127,116,132
宝山区,华东师范大学附属宝山宝杨实验学校,上海市吴淞中学,702,否,50,370,110,119,145
宝山区,华东师范大学附属宝山宝杨实验学校,华东师范大学第二附属中学（宝山校区）,760,否,50,416.5,138,134,146
宝山区,上海市宝山区陈伯吹罗店实验学,上海市上海中学,751,否,50,412,138,130,146
宝山区,上海市宝山区陈伯吹罗店实验学,上海市行知中学,701,否,50,367,101,125,140
宝山区,上海市宝山区陈伯吹罗店实验学,上海大学附属中学,711,否,50,384,129,115,131
宝山区,上海市宝山区陈伯吹罗店实验学,上海师范大学附属中学宝山分校,724,否,50,396,120,129,137
宝山区,上海市宝山区陈伯吹罗店实验学,上海市吴淞中学,709,否,50,383.5,112,131,133
宝山区,上海市宝山区陈伯吹罗店实验学,华东师范大学第二附属中学（宝山校区）,735,否,50,404,135,127,135
崇明区,上海市崇明区三星中学,上海市崇明中学,665.5,否,50,356.5,97,130,115
崇明区,上海市崇明区建设中学,上海市崇明中学,700.5,否,50,373.5,127,111,137
崇明区,上海市崇明区建设中学,上海市实验学校东滩高级中学,674,否,50,359.5,112,127,123
崇明区,上海市崇明区合兴中学,上海市崇明中学,696,否,50,382.5,126,117,123
崇明区,上海市崇明区合兴中学,上海市实验学校东滩高级中学,725,否,50,399.5,127,128,131
崇明区,上海市崇明区向化中学,复旦大学附属中学,697,否,50,378,129,110,129
崇明区,上海市崇明区向化中学,上海市崇明中学,694,否,50,377,122,115,130
崇明区,上海市崇明区向化中学,上海市实验学校东滩高级中学,720.5,否,50,387,129,119,140
崇明区,上海市崇明区崇东中学,上海市崇明中学,667.5,否,50,356.5,109,114,128
崇明区,上海市崇明区崇东中学,上海市实验学校东滩高级中学,725.5,否,50,394.5,133,123,139
崇明区,上海市崇明区裕安中学,上海市上海中学,755,否,50,415,135,131,144
崇明区,上海市崇明区裕安中学,上海市崇明中学,691.5,否,50,375,114,122,127
崇明区,上海市崇明区裕安中学,上海市实验学校东滩高级中学,711.5,否,50,393,129,122,134
崇明区,上海市崇明区实验中学,上海市崇明中学,704.5,否,50,392,122,128,123
崇明区,上海市崇明区实验中学,上海市实验学校东滩高级中学,713,否,50,380,125,114,141
崇明区,上海市崇明中学附属东门中学,上海市崇明中学,715.5,否,50,395.5,129,125,129
崇明区,上海市崇明中学附属东门中学,上海市实验学校东滩高级中学,719.5,否,50,391.5,122,123,131
崇明区,上海市崇明区长兴中学,上海市崇明中学,702.5,否,50,376,122,114,141
崇明区,上海市崇明区长兴中学,上海市实验学校东滩高级中学,728,否,50,397,132,124,138
崇明区,上海市崇明区长明中学,上海市崇明中学,697.5,否,50,382.5,118,127,126
崇明区,上海市崇明区长明中学,上海市实验学校东滩高级中学,724.5,否,50,388.5,122,124,143
崇明区,上海师范大学附属崇明正大中学,上海市崇明中学,699.5,否,50,366.5,114,115,139
崇明区,上海师范大学附属崇明正大中学,上海市实验学校东滩高级中学,717.5,否,50,395.5,128,124,132
崇明区,上海市向明初级中学附属崇明区江帆中学,上海市崇明中学,724.5,否,50,399.5,132,125,133
崇明区,上海市向明初级中学附属崇明区江帆中学,上海市实验学校东滩高级中学,730,否,50,398,131,120,140
崇明区,上海市崇明区庙镇学校,上海市崇明中学,706,否,50,381,125,122,135
崇明区,上海市崇明区庙镇学校,上海市实验学校东滩高级中学,701.5,否,50,381.5,123,117,131
崇明区,上海市崇明区大新中学,上海市崇明中学,671,否,50,368,120,118,118
崇明区,上海市崇明区大新中学,上海市实验学校东滩高级中学,707,否,50,395,118,133,119
崇明区,上海市崇明区三烈中学,上海市崇明中学,704.5,否,50,377.5,115,128,131
崇明区,上海市崇明区三烈中学,上海市实验学校东滩高级中学,683.5,否,50,359,108,116,133
崇明区,上海市崇明区大公中学,上海市崇明中学,681,否,50,376,121,120,123
崇明区,上海市崇明区大公中学,上海市实验学校东滩高级中学,703.5,否,50,382.5,126,121,130
崇明区,上海民办民一中学,上海市崇明中学,738,否,50,402.5,143,123,143
崇明区,上海民办民一中学,上海市实验学校东滩高级中学,732.5,否,50,401.5,130,128,137
崇明区,上海市崇明区横沙中学,上海市崇明中学,667,否,50,355,98,115,123
崇明区,上海市崇明区横沙中学,上海市实验学校东滩高级中学,680,否,50,382,120,124,114
崇明区,上海新纪元双语学校,上海市崇明中学,667.5,否,50,360.5,111,117,117
崇明区,上海新纪元双语学校,上海市实验学校东滩高级中学,726.5,否,50,399.5,138,123,139
崇明区,上海市崇明区长江学校,华东师范大学第二附属中学,670.5,否,50,366.5,110,124,111
崇明区,上海市崇明区新海学校,上海市实验学校东滩高级中学,689,否,50,366.5,114,124,128
崇明区,上海市实验学校附属东滩学校,上海市崇明中学,711.5,否,50,384.5,112,126,131
崇明区,上海市实验学校附属东滩学校,上海市实验学校东滩高级中学,718,否,50,387,141,114,143
徐汇区,上海市位育初级中学,上海市第二中学,738.5,否,50,397.5,133,119,145
徐汇区,上海市位育初级中学,上海市第二中学（梅陇校区）,737,否,50,405,138,121,138
徐汇区,上海市位育初级中学,上海市南洋模范中学,753.5,否,50,411.5,140,129,146
徐汇区,上海市位育初级中学,上海市上海中学,765,否,50,419,143,134,148
徐汇区,上海市位育初级中学,上海市位育中学,746,否,50,406,133,128,144
徐汇区,上海市位育初级中学,复旦大学附属中学徐汇分校,761,否,50,416,138,132,148
徐汇区,上海市位育初级中学,上海市南洋中学,727.5,否,50,394.5,125,130,140
徐汇区,上海市第二初级中学,上海市第二中学,736,否,50,402,143,126,144
徐汇区,上海市第二初级中学,上海市第二中学（梅陇校区）,742,否,50,400,137,120,146
徐汇区,上海市第二初级中学,上海市南洋模范中学,754.5,否,50,411.5,131,137,147
徐汇区,上海市第二初级中学,上海市上海中学,763.5,否,50,419.5,145,129,145
徐汇区,上海市第二初级中学,上海市位育中学,742.5,否,50,406.5,136,131,140
徐汇区,上海市第二初级中学,复旦大学附属中学徐汇分校,759,否,50,422,145,129,145
徐汇区,上海市第二初级中学,上海市南洋中学,733.5,否,50,398.5,130,122,141
徐汇区,上海市第二初级中学,上海交通大学附属中学,764.5,否,50,418.5,146,129,149
徐汇区,上海市南洋模范初级中学,上海市第二中学,735.5,否,50,404.5,141,122,137
徐汇区,上海市南洋模范初级中学,上海市第二中学（梅陇校区）,743,否,50,402,135,127,146
徐汇区,上海市南洋模范初级中学,上海市南洋模范中学,755,否,50,416.5,148,127,146
徐汇区,上海市南洋模范初级中学,上海市上海中学,765.5,否,50,423.5,150,129,145
徐汇区,上海市南洋模范初级中学,上海市位育中学,744.5,否,50,412.5,142,127,136
徐汇区,上海市南洋模范初级中学,复旦大学附属中学徐汇分校,756.5,否,50,408.5,137,130,149
徐汇区,上海市南洋模范初级中学,上海市南洋中学,724.5,否,50,396.5,134,122,137
徐汇区,上海市南洋模范初级中学,上海交通大学附属中学,765.5,否,50,422.5,144,132,146
徐汇区,上海市南洋初级中学,上海市第二中学,726.5,否,50,393,131,123,139
徐汇区,上海市南洋初级中学,上海市第二中学（梅陇校区）,731,否,50,404,132,129,135
徐汇区,上海市南洋初级中学,上海市南洋模范中学,746,否,50,408,132,131,139
徐汇区,上海市南洋初级中学,上海市上海中学,765,否,50,424,145,133,144
徐汇区,上海市南洋初级中学,上海市位育中学,741,否,50,409,136,126,139
徐汇区,上海市南洋初级中学,复旦大学附属中学徐汇分校,728,否,50,401,136,123,134
徐汇区,上海市南洋初级中学,上海市南洋中学,731.5,否,50,400.5,135,124,137
徐汇区,上海市南洋初级中学,上海师范大学附属中学,705,否,50,381,115,122,136
徐汇区,上海市田林中学,上海市第二中学,730.5,否,50,398,131,127,139
徐汇区,上海市田林中学,上海市第二中学（梅陇校区）,727,否,50,401,142,119,134
徐汇区,上海市田林中学,上海市南洋模范中学,755.5,否,50,414.5,147,131,144
徐汇区,上海市田林中学,上海市上海中学,765,否,50,419,149,124,146
徐汇区,上海市田林中学,上海市位育中学,736.5,否,50,405.5,129,136,135
徐汇区,上海市田林中学,复旦大学附属中学徐汇分校,728.5,否,50,397.5,141,122,138
徐汇区,上海市田林中学,上海市南洋中学,727.5,否,50,402.5,139,121,130
徐汇区,上海市田林第二中学,上海市第二中学,738,否,50,404,136,126,141
徐汇区,上海市田林第二中学,上海市第二中学（梅陇校区）,724,否,50,395.5,126,131,134
徐汇区,上海市田林第二中学,上海市南洋模范中学,751.5,否,50,414,138,133,141
徐汇区,上海市田林第二中学,上海市上海中学,765.5,否,50,420.5,148,129,148
徐汇区,上海市田林第二中学,上海市位育中学,741,否,50,405,130,130,140
徐汇区,上海市田林第二中学,复旦大学附属中学徐汇分校,751.5,否,50,406.5,128,134,149
徐汇区,上海市田林第二中学,上海市南洋中学,731,否,50,398,129,126,138
徐汇区,上海市田林第三中学,上海市第二中学,742,否,50,407,131,129,141
徐汇区,上海市田林第三中学,上海市第二中学（梅陇校区）,746.5,否,50,408.5,132,129,140
徐汇区,上海市田林第三中学,上海市南洋模范中学,756,否,50,420,137,138,139
徐汇区,上海市田林第三中学,上海市上海中学,763.5,否,50,417.5,146,127,147
徐汇区,上海市田林第三中学,上海市位育中学,747.5,否,50,401.5,125,131,147
徐汇区,上海市田林第三中学,复旦大学附属中学徐汇分校,760.5,否,50,416.5,139,128,147
徐汇区,上海市田林第三中学,上海市南洋中学,732,否,50,399,140,119,138
徐汇区,上海市龙苑中学,上海市南洋模范中学,726,否,50,387,127,121,144
徐汇区,上海市龙苑中学,上海市位育中学,720.5,否,50,392.5,121,133,135
徐汇区,上海市龙苑中学,复旦大学附属中学徐汇分校,730,否,50,393,125,127,141
徐汇区,上海市龙苑中学,上海市南洋中学,676,否,50,349,123,112,133
徐汇区,上海市徐汇区教育学院附属实验中学,上海市第二中学,723.5,否,50,396.5,137,124,133
徐汇区,上海市徐汇区教育学院附属实验中学,上海市第二中学（梅陇校区）,741,否,50,413,142,128,134
徐汇区,上海市徐汇区教育学院附属实验中学,上海市南洋模范中学,750.5,否,50,414.5,148,124,144
徐汇区,上海市徐汇区教育学院附属实验中学,上海市上海中学,766.5,否,50,426.5,148,133,143
徐汇区,上海市徐汇区教育学院附属实验中学,上海市位育中学,745.5,否,50,405,138,122,145
徐汇区,上海市徐汇区教育学院附属实验中学,复旦大学附属中学徐汇分校,759,否,50,417,150,123,145
徐汇区,上海市徐汇区教育学院附属实验中学,上海市南洋中学,725,否,50,392,119,129,139
徐汇区,上海市徐汇区教育学院附属实验中学,上海交通大学附属中学,763,否,50,421,143,136,144
徐汇区,上海市徐汇区教育学院附属实验中学南部分校,上海市第二中学,723.5,否,50,397.5,134,123,137
徐汇区,上海市徐汇区教育学院附属实验中学南部分校,上海市第二中学（梅陇校区）,738.5,否,50,401.5,131,129,145
徐汇区,上海市徐汇区教育学院附属实验中学南部分校,上海市南洋模范中学,752.5,否,50,411.5,140,126,145
徐汇区,上海市徐汇区教育学院附属实验中学南部分校,上海市位育中学,741,否,50,408.5,131,131,140
徐汇区,上海市徐汇区教育学院附属实验中学南部分校,复旦大学附属中学徐汇分校,761.5,否,50,416.5,134,137,147
徐汇区,上海市徐汇区教育学院附属实验中学南部分校,上海市南洋中学,731,否,50,406,137,125,130
徐汇区,上海市徐汇区教育学院附属实验中学南部分校,上海师范大学附属中学,733.5,否,50,406.5,132,128,134
徐汇区,上海市园南中学,上海市第二中学,735,否,50,400,124,132,141
徐汇区,上海市园南中学,上海市第二中学（梅陇校区）,743.5,否,50,404.5,134,131,142
徐汇区,上海市园南中学,上海市南洋模范中学,756,否,50,421,146,128,142
徐汇区,上海市园南中学,上海市上海中学,767,否,50,429.5,150,136,144
徐汇区,上海市园南中学,上海市位育中学,744,否,50,405,134,125,145
徐汇区,上海市园南中学,复旦大学附属中学徐汇分校,760,否,50,419,145,130,144
徐汇区,上海市园南中学,上海市南洋中学,728,否,50,400,127,128,133
徐汇区,上海市园南中学,上海交通大学附属中学,766,否,50,425,149,131,147
徐汇区,上海市汾阳中学,上海市第二中学,726,否,50,396,131,125,138
徐汇区,上海市汾阳中学,上海市第二中学（梅陇校区）,731,否,50,402.5,133,129,133
徐汇区,上海市汾阳中学,上海市南洋模范中学,739.5,否,50,400.5,126,130,142
徐汇区,上海市汾阳中学,上海市位育中学,737,否,50,402,133,124,142
徐汇区,上海市汾阳中学,复旦大学附属中学徐汇分校,727,否,50,391.5,125,123,144
徐汇区,上海市汾阳中学,上海市南洋中学,721,否,50,391,130,124,136
徐汇区,上海市梅园中学,上海市第二中学,725,否,50,405,132,129,123
徐汇区,上海市梅园中学,上海市第二中学（梅陇校区）,737.5,否,50,408.5,138,129,135
徐汇区,上海市梅园中学,上海市南洋模范中学,739.5,否,50,401,142,117,143
徐汇区,上海市梅园中学,上海市位育中学,742.5,否,50,406.5,134,129,141
徐汇区,上海市梅园中学,复旦大学附属中学徐汇分校,765,否,50,423,146,131,144
徐汇区,上海市梅园中学,上海市南洋中学,723.5,否,50,394.5,136,126,135
徐汇区,上海市紫阳中学,上海市第二中学,729,否,50,400,130,128,132
徐汇区,上海市紫阳中学,上海市第二中学（梅陇校区）,739,否,50,406,137,126,134
徐汇区,上海市紫阳中学,上海市南洋模范中学,755.5,否,50,417.5,146,128,145
徐汇区,上海市紫阳中学,上海市上海中学,764.5,否,50,417.5,147,126,145
徐汇区,上海市紫阳中学,上海市位育中学,745,否,50,408,136,125,144
徐汇区,上海市紫阳中学,复旦大学附属中学徐汇分校,755,否,50,422,140,138,138
徐汇区,上海市紫阳中学,上海市南洋中学,727,否,50,396,128,124,140
徐汇区,上海市紫阳中学,复旦大学附属中学,764.5,否,50,423.5,150,129,146
徐汇区,上海市康健外国语实验中学,上海市第二中学,736.5,否,50,407.5,138,129,139
徐汇区,上海市康健外国语实验中学,上海市第二中学（梅陇校区）,746,否,50,404.5,130,131,144
徐汇区,上海市康健外国语实验中学,上海市南洋模范中学,750,否,50,411,143,125,143
徐汇区,上海市康健外国语实验中学,上海市上海中学,751,否,50,416,144,126,139
徐汇区,上海市康健外国语实验中学,上海市位育中学,746.5,否,50,409.5,140,131,143
徐汇区,上海市康健外国语实验中学,复旦大学附属中学徐汇分校,757.5,否,50,411.5,137,130,149
徐汇区,上海市康健外国语实验中学,上海市南洋中学,730,否,50,399,135,120,136
徐汇区,上海市世外中学,上海市第二中学,733.5,否,50,402.5,135,123,138
徐汇区,上海市世外中学,上海市第二中学（梅陇校区）,738,否,50,397,126,131,144
徐汇区,上海市世外中学,上海市南洋模范中学,756.5,否,50,420.5,142,132,138
徐汇区,上海市世外中学,上海市上海中学,767,否,50,421,146,129,149
徐汇区,上海市世外中学,上海市位育中学,747.5,否,50,412.5,146,126,142
徐汇区,上海市世外中学,复旦大学附属中学徐汇分校,761,否,50,418,138,132,147
徐汇区,上海市世外中学,上海市南洋中学,721.5,否,50,396.5,124,127,134
徐汇区,上海市世外中学,复旦大学附属中学,762.5,否,50,425.5,146,132,144
徐汇区,上海市民办华育中学,上海市第二中学,698.5,否,50,372.5,114,117,132
徐汇区,上海市民办华育中学,上海市第二中学（梅陇校区）,734.5,否,50,403.5,140,129,140
徐汇区,上海市民办华育中学,上海市南洋模范中学,753.5,否,50,409.5,141,125,148
徐汇区,上海市民办华育中学,上海市位育中学,739,否,50,405,133,130,142
徐汇区,上海市民办华育中学,复旦大学附属中学徐汇分校,761,否,50,423,145,130,144
徐汇区,上海市民办华育中学,上海市南洋中学,710,否,50,389,127,123,129
徐汇区,上海市民办华育中学,上海师范大学附属中学,735.5,否,50,401.5,141,120,141
徐汇区,上海市中国中学,上海市第二中学,728.5,否,50,399.5,129,128,135
徐汇区,上海市中国中学,上海市第二中学（梅陇校区）,740,否,50,407,143,123,140
徐汇区,上海市中国中学,上海市南洋模范中学,754.5,否,50,415.5,136,133,140
徐汇区,上海市中国中学,上海市上海中学,765,否,50,424,149,130,146
徐汇区,上海市中国中学,上海市位育中学,749.5,否,50,410.5,139,132,143
徐汇区,上海市中国中学,复旦大学附属中学徐汇分校,763,否,50,420,145,129,147
徐汇区,上海市中国中学,上海市南洋中学,724,否,50,395,123,132,135
徐汇区,上海市第五十四中学,上海市第二中学,748,否,50,409,139,128,145
徐汇区,上海市第五十四中学,上海市第二中学（梅陇校区）,734,否,50,401,131,125,140
徐汇区,上海市第五十四中学,上海市南洋模范中学,752,否,50,415,137,134,140
徐汇区,上海市第五十四中学,上海市上海中学,767,否,50,422,150,128,148
徐汇区,上海市第五十四中学,上海市位育中学,746,否,50,407,135,126,143
徐汇区,上海市第五十四中学,复旦大学附属中学徐汇分校,763.5,否,50,421.5,149,124,147
徐汇区,上海市第五十四中学,上海市南洋中学,736.5,否,50,404.5,135,126,141
徐汇区,上海市徐汇中学,上海市第二中学,734,否,50,394,129,127,145
徐汇区,上海市徐汇中学,上海市第二中学（梅陇校区）,727.5,否,50,404.5,135,124,133
徐汇区,上海市徐汇中学,上海市南洋模范中学,758,否,50,414,146,126,147
徐汇区,上海市徐汇中学,上海市位育中学,750,否,50,411,139,129,143
徐汇区,上海市徐汇中学,复旦大学附属中学徐汇分校,760.5,否,50,422.5,144,134,142
徐汇区,上海市徐汇中学,上海市南洋中学,725,否,50,395,128,128,135
徐汇区,上海市徐汇中学,上海师范大学附属中学,741,否,50,399,144,114,145
徐汇区,徐汇南校,上海市第二中学,726.5,否,50,397.5,132,126,134
徐汇区,徐汇南校,上海市第二中学（梅陇校区）,735,否,50,400,123,131,138
徐汇区,徐汇南校,上海市南洋模范中学,744,否,50,416,138,132,137
徐汇区,徐汇南校,上海市位育中学,741.5,否,50,409.5,140,131,140
徐汇区,徐汇南校,复旦大学附属中学徐汇分校,756.5,否,50,414.5,146,129,145
徐汇区,徐汇南校,上海市南洋中学,721.5,否,50,390,141,113,140
徐汇区,上海市第四中学,上海市第二中学,732.5,否,50,397.5,135,124,143
徐汇区,上海市第四中学,上海市第二中学（梅陇校区）,720,否,50,383,127,113,142
徐汇区,上海市第四中学,上海市南洋模范中学,752,否,50,414,141,128,143
徐汇区,上海市第四中学,上海市位育中学,743.5,否,50,418.5,138,132,131
徐汇区,上海市第四中学,复旦大学附属中学徐汇分校,743.5,否,50,410.5,141,127,139
徐汇区,上海市第四中学,上海市南洋中学,726.5,否,50,398.5,127,131,135
徐汇区,上海市第四中学,上海师范大学附属中学,722.5,否,50,391.5,133,129,137
徐汇区,上海市零陵中学,上海市第二中学,730.5,否,50,396.5,131,129,141
徐汇区,上海市零陵中学,上海市第二中学（梅陇校区）,732.5,否,50,397.5,130,123,144
徐汇区,上海市零陵中学,上海市南洋模范中学,747,否,50,408,146,119,145
徐汇区,上海市零陵中学,上海市上海中学,757.5,否,50,418.5,146,131,144
徐汇区,上海市零陵中学,上海市位育中学,743.5,否,50,402.5,135,125,143
徐汇区,上海市零陵中学,复旦大学附属中学徐汇分校,740.5,否,50,403.5,139,123,142
徐汇区,上海市零陵中学,上海市南洋中学,724.5,否,50,390.5,131,120,141
徐汇区,华东理工大学附属中学,上海市第二中学,731,否,50,403,127,132,133
徐汇区,华东理工大学附属中学,上海市第二中学（梅陇校区）,734.5,否,50,404.5,138,126,141
徐汇区,华东理工大学附属中学,上海市南洋模范中学,743.5,否,50,402.5,124,133,145
徐汇区,华东理工大学附属中学,上海市位育中学,742,否,50,413,146,125,140
徐汇区,华东理工大学附属中学,复旦大学附属中学徐汇分校,756,否,50,423,150,129,136
徐汇区,华东理工大学附属中学,上海市南洋中学,734,否,50,397,139,116,143
徐汇区,上海市西南位育中学,上海市第二中学,726,否,50,398,140,117,136
徐汇区,上海市西南位育中学,上海市第二中学（梅陇校区）,737,否,50,408,136,130,133
徐汇区,上海市西南位育中学,上海市南洋模范中学,747.5,否,50,411.5,135,131,141
徐汇区,上海市西南位育中学,上海市位育中学,735.5,否,50,400.5,131,127,142
徐汇区,上海市西南位育中学,复旦大学附属中学徐汇分校,739,否,50,408,147,121,137
徐汇区,上海市西南位育中学,上海市南洋中学,724,否,50,396,130,125,135
徐汇区,上海市西南位育中学,复旦大学附属中学,764.5,否,50,422.5,146,132,146
徐汇区,上海市西南位育中学,华东师范大学第二附属中学,760.5,否,50,417.5,146,129,145
徐汇区,上海市西南模范中学,上海市第二中学,735,否,50,404.5,140,126,134
徐汇区,上海市西南模范中学,上海市第二中学（梅陇校区）,748,否,50,411,126,138,142
徐汇区,上海市西南模范中学,上海市南洋模范中学,756.5,否,50,414.5,147,127,146
徐汇区,上海市西南模范中学,上海市上海中学,766,否,50,421,139,133,146
徐汇区,上海市西南模范中学,上海市位育中学,751,否,50,413,138,136,141
徐汇区,上海市西南模范中学,复旦大学附属中学徐汇分校,761.5,否,50,420.5,141,131,146
徐汇区,上海市西南模范中学,上海市南洋中学,725,否,50,392,131,123,138
徐汇区,上海市西南模范中学,上海交通大学附属中学,766.5,否,50,424.5,145,131,145
徐汇区,上海市西南模范中学,华东师范大学第二附属中学,766,否,50,426,141,139,142
徐汇区,上海民办位育中学,上海市第二中学,720,否,50,390,125,127,136
徐汇区,上海民办位育中学,上海市第二中学（梅陇校区）,739,否,50,398,142,118,143
徐汇区,上海民办位育中学,上海市南洋模范中学,754,否,50,412,135,136,144
徐汇区,上海民办位育中学,上海市上海中学,767,否,50,422,142,133,148
徐汇区,上海民办位育中学,上海市位育中学,744,否,50,407,129,132,141
徐汇区,上海民办位育中学,复旦大学附属中学徐汇分校,763,否,50,420,146,128,145
徐汇区,上海民办位育中学,上海市南洋中学,722.5,否,50,385.5,132,122,143
徐汇区,上海民办南模中学,上海市第二中学,738,否,50,402,129,130,143
徐汇区,上海民办南模中学,上海市第二中学（梅陇校区）,715,否,50,380,133,118,138
徐汇区,上海民办南模中学,上海市南洋模范中学,761,否,50,419,146,129,145
徐汇区,上海民办南模中学,上海市位育中学,751,否,50,414,141,127,143
徐汇区,上海民办南模中学,复旦大学附属中学徐汇分校,765,否,50,419,148,128,148
徐汇区,上海民办南模中学,上海市南洋中学,725,否,50,385,123,125,145
徐汇区,上海民办南模中学,上海师范大学附属中学,731,否,50,399,133,127,138
徐汇区,上海市位育实验学校,上海市第二中学,730,否,50,399,130,123,139
徐汇区,上海市位育实验学校,上海市第二中学（梅陇校区）,736.5,否,50,408.5,142,122,135
徐汇区,上海市位育实验学校,上海市南洋模范中学,757,否,50,424,141,140,141
徐汇区,上海市位育实验学校,上海市位育中学,739.5,否,50,407.5,133,130,141
徐汇区,上海市位育实验学校,复旦大学附属中学徐汇分校,763,否,50,419,143,135,146
徐汇区,上海市位育实验学校,上海市南洋中学,725.5,否,50,393.5,123,130,138
徐汇区,上海市徐汇区上汇实验学校,上海市第二中学,726,否,50,396,133,124,136
徐汇区,上海市徐汇区上汇实验学校,上海市第二中学（梅陇校区）,746.5,否,50,415.5,141,131,137
徐汇区,上海市徐汇区上汇实验学校,上海市南洋模范中学,751.5,否,50,410.5,136,129,144
徐汇区,上海市徐汇区上汇实验学校,上海市位育中学,747,否,50,411,144,127,144
徐汇区,上海市徐汇区上汇实验学校,复旦大学附属中学徐汇分校,765.5,否,50,424.5,146,132,142
徐汇区,上海市徐汇区上汇实验学校,上海市南洋中学,718.5,否,50,387.5,124,123,139
徐汇区,上海市徐汇区上汇实验学校,复旦大学附属中学,767.5,否,50,422.5,145,129,148
徐汇区,上海师范大学第三附属实验学校,上海市第二中学,736.5,否,50,405.5,143,125,143
徐汇区,上海师范大学第三附属实验学校,上海市第二中学（梅陇校区）,743.5,否,50,408.5,138,129,141
徐汇区,上海师范大学第三附属实验学校,上海市南洋模范中学,757.5,否,50,416.5,138,130,146
徐汇区,上海师范大学第三附属实验学校,上海市位育中学,753.5,否,50,413.5,142,130,141
徐汇区,上海师范大学第三附属实验学校,复旦大学附属中学徐汇分校,762,否,50,421,146,129,144
徐汇区,上海师范大学第三附属实验学校,上海市南洋中学,739,否,50,409,135,128,133
徐汇区,上海师范大学第三附属实验学校,华东师范大学第二附属中学,766,否,50,420,145,128,149
普陀区,上海市洵阳中学,上海市晋元高级中学,736,否,50,406,124,133,138
普陀区,上海市洵阳中学,上海市曹杨第二中学,747,否,50,410,135,128,141
普陀区,上海市洵阳中学,上海市宜川中学,726,否,50,393.5,117,133,138
普陀区,上海市洵阳中学,华东师范大学第二附属中学（普陀校区）,760,否,50,420.5,145,127,144.5
普陀区,上海市洵阳中学,复旦大学附属中学,766.5,否,50,419.5,147,125,149
普陀区,上海市北海中学,上海市晋元高级中学,727.5,否,50,398.5,124,128,135
普陀区,上海市北海中学,上海市曹杨第二中学,753,否,50,417,150,120,140
普陀区,上海市北海中学,上海市宜川中学,719.5,否,50,395,120,129,131
普陀区,上海市北海中学,华东师范大学第二附属中学（普陀校区）,759.5,否,50,421.5,142,134,145
普陀区,上海市北海中学,上海交通大学附属中学,760.5,否,50,420.5,150,127,146
普陀区,上海市延河中学,上海市晋元高级中学,740,否,50,399,126,130,144
普陀区,上海市延河中学,上海市曹杨第二中学,744.5,否,50,407,142,122,140
普陀区,上海市延河中学,上海市宜川中学,726,否,50,392.5,128,127,145
普陀区,上海市延河中学,华东师范大学第二附属中学（普陀校区）,759.5,否,50,417.5,144,126,146
普陀区,上海市曹杨第二中学附属实验中,上海市晋元高级中学,746,否,50,403,125,130,144
普陀区,上海市曹杨第二中学附属实验中,上海市曹杨第二中学,750.5,否,50,414.5,144,124,140
普陀区,上海市曹杨第二中学附属实验中,上海市宜川中学,735.5,否,50,398.5,125,129,140
普陀区,上海市曹杨第二中学附属实验中,华东师范大学第二附属中学（普陀校区）,750.5,否,50,409.5,131,131,143
普陀区,上海市曹杨第二中学附属实验中,上海师范大学附属中学,735,否,50,405,128,135,132
普陀区,华东师范大学第四附属中学,上海市晋元高级中学,738,否,50,397,130,127,143
普陀区,华东师范大学第四附属中学,上海市曹杨第二中学,751.5,否,50,408.5,137,127,145
普陀区,华东师范大学第四附属中学,上海市宜川中学,720.5,否,50,395.5,131,123,133
普陀区,华东师范大学第四附属中学,华东师范大学第二附属中学（普陀校区）,762.5,否,50,421.5,144,132,143
普陀区,上海市怒江中学,上海市晋元高级中学,726.5,否,50,397.5,131,122,134
普陀区,上海市怒江中学,上海市曹杨第二中学,758.5,否,50,415.5,137,130,147
普陀区,上海市怒江中学,上海市宜川中学,720,否,50,387,132,117,142
普陀区,上海市怒江中学,华东师范大学第二附属中学（普陀校区）,761,否,50,420,144,132,144
普陀区,上海师范大学附属第二实验学校,上海市晋元高级中学,736,否,50,407,137,131,135
普陀区,上海师范大学附属第二实验学校,上海市曹杨第二中学,745,否,50,407,143,117,141
普陀区,上海师范大学附属第二实验学校,上海市宜川中学,731,否,50,395,131,120,139
普陀区,上海师范大学附属第二实验学校,华东师范大学第二附属中学（普陀校区）,761,否,50,422,137,138,142
普陀区,上海师范大学附属第二实验学校,上海交通大学附属中学,764,否,50,422,150,127,145
普陀区,上海市真北中学,上海市晋元高级中学,739.5,否,50,408.5,138,128,139
普陀区,上海市真北中学,上海市曹杨第二中学,747.5,否,50,412.5,139,131,137
普陀区,上海市真北中学,上海市宜川中学,724.5,否,50,401.5,133,126,128
普陀区,上海市真北中学,华东师范大学第二附属中学（普陀校区）,764,否,50,426,145,135,142
普陀区,上海市真北中学,上海交通大学附属中学,766.5,否,50,423.5,149,130,146
普陀区,上海市普陀区教育学院附属中学,上海市晋元高级中学,744.5,否,50,407.5,130,131,140
普陀区,上海市普陀区教育学院附属中学,上海市曹杨第二中学,750.5,否,50,418.5,142,133,140
普陀区,上海市普陀区教育学院附属中学,上海市宜川中学,721,否,50,396.5,125,127,130
普陀区,上海市普陀区教育学院附属中学,华东师范大学第二附属中学（普陀校区）,756.5,否,50,420.5,146,131,138
普陀区,上海市梅陇中学,上海市晋元高级中学,742.5,否,50,404.5,130,129,142
普陀区,上海市梅陇中学,上海市曹杨第二中学,754.5,否,50,408.5,142,123,148
普陀区,上海市梅陇中学,上海市宜川中学,724,否,50,385,126,116,143
普陀区,上海市梅陇中学,华东师范大学第二附属中学（普陀校区）,761.5,否,50,419.5,137,136,144
普陀区,上海市梅陇中学,上海交通大学附属中学,769,否,50,423,145,131,150
普陀区,上海兰田中学,上海市晋元高级中学,741,否,50,405,133,130,141
普陀区,上海兰田中学,上海市曹杨第二中学,754,否,50,410,141,126,149
普陀区,上海兰田中学,上海市宜川中学,732.5,否,50,403.5,136,127,136
普陀区,上海兰田中学,华东师范大学第二附属中学（普陀校区）,755,否,50,412,136,132,148
普陀区,上海兰田中学,华东师范大学第二附属中学,769,否,50,425,146,130,147
普陀区,上海市普陀区梅陇实验中学,上海市晋元高级中学,746,否,50,408,144,122,142
普陀区,上海市普陀区梅陇实验中学,上海市曹杨第二中学,752,否,50,415,150,118,145
普陀区,上海市普陀区梅陇实验中学,上海市宜川中学,718,否,50,390,130,122,134
普陀区,上海市普陀区梅陇实验中学,华东师范大学第二附属中学（普陀校区）,759.5,否,50,420.5,144,130,142
普陀区,上海市普陀区梅陇实验中学,复旦大学附属中学,766,否,50,425,145,132,146
普陀区,上海市曹杨中学,上海市晋元高级中学,736,否,50,392.5,124,121,146
普陀区,上海市曹杨中学,上海市曹杨第二中学,746,否,50,405,134,128,145
普陀区,上海市曹杨中学,上海市宜川中学,720,否,50,388,119,129,135
普陀区,上海市曹杨中学,华东师范大学第二附属中学（普陀校区）,757,否,50,417,146,127,144
普陀区,同济大学第二附属中学,上海市晋元高级中学,744,否,50,408,132,131,143
普陀区,同济大学第二附属中学,上海市曹杨第二中学,752,否,50,413,145,127,143
普陀区,同济大学第二附属中学,上海市宜川中学,731.5,否,50,412,136,136,129
普陀区,同济大学第二附属中学,华东师范大学第二附属中学（普陀校区）,759,否,50,422,147,132,139
普陀区,上海市甘泉外国语中学,上海市曹杨第二中学,767.5,否,50,425.5,140,140,145
普陀区,上海市甘泉外国语中学,华东师范大学第二附属中学（普陀校区）,762,否,50,420,146,132,146
普陀区,上海市新杨中学,上海市晋元高级中学,731,否,50,392,133,121,147
普陀区,上海市新杨中学,上海市曹杨第二中学,744.5,否,50,407,133,127,144
普陀区,上海市新杨中学,上海市宜川中学,721,否,50,396,130,126,137
普陀区,上海市新杨中学,华东师范大学第二附属中学（普陀校区）,741.5,否,50,402.5,138,123,145
普陀区,上海市长征中学,上海市晋元高级中学,737,否,50,406,139,124,139
普陀区,上海市长征中学,上海市曹杨第二中学,746,否,50,402,135,118,146
普陀区,上海市长征中学,上海市宜川中学,724,否,50,396.5,134,126,136
普陀区,上海市长征中学,华东师范大学第二附属中学（普陀校区）,762.5,否,50,418.5,143,130,146
普陀区,上海市桃浦中学,上海市晋元高级中学,730,否,50,395,133,119,139
普陀区,上海市桃浦中学,上海市曹杨第二中学,731,否,50,397,129,126,139
普陀区,上海市桃浦中学,上海市宜川中学,725.5,否,50,398.5,131,126,136
普陀区,上海市桃浦中学,华东师范大学第二附属中学（普陀校区）,743,否,50,413,145,124,138
普陀区,上海市晋元高级中学附属学校南,上海市晋元高级中学,740.5,否,50,402.5,131,129,145
普陀区,上海市晋元高级中学附属学校南,上海市曹杨第二中学,748.5,否,50,411.5,140,125,141
普陀区,上海市晋元高级中学附属学校南,上海市宜川中学,710,否,50,378.5,109,127,135
普陀区,上海市晋元高级中学附属学校南,华东师范大学第二附属中学（普陀校区）,762.5,否,50,417.5,138,132,147
普陀区,上海市晋元高级中学附属学校南,华东师范大学第二附属中学,752.5,否,50,411,143,121,144
普陀区,上海音乐学院附属安师实验中学,上海市晋元高级中学,690.5,否,50,367.5,112,125,132
普陀区,上海音乐学院附属安师实验中学,上海市曹杨第二中学,679,否,50,371,122,117,118
普陀区,上海音乐学院附属安师实验中学,华东师范大学第二附属中学（普陀校区）,741,否,50,408,138,127,142
普陀区,上海华东师范大学附属进华中学,上海市晋元高级中学,738,否,50,396,126,128,146
普陀区,上海华东师范大学附属进华中学,上海市曹杨第二中学,749,否,50,415,146,125,141
普陀区,上海华东师范大学附属进华中学,上海市宜川中学,724,否,50,390,126,126,138
普陀区,上海华东师范大学附属进华中学,华东师范大学第二附属中学（普陀校区）,762.5,否,50,419.5,144,132,144
普陀区,上海华东师范大学附属进华中学,复旦大学附属中学,767,否,50,426,145,132,143
普陀区,上海安生学校,上海市晋元高级中学,699,否,50,379,119,121,129
普陀区,上海安生学校,上海市曹杨第二中学,677,否,50,363,99,127,120
普陀区,上海安生学校,上海市宜川中学,699,否,50,377,118,117,129
普陀区,上海安生学校,华东师范大学第二附属中学（普陀校区）,757,否,50,420,139,138,143
普陀区,上海培佳双语学校,上海市上海中学,769.5,否,50,426.5,143,137,146
普陀区,上海培佳双语学校,上海市晋元高级中学,744.5,否,50,404.5,146,118,146
普陀区,上海培佳双语学校,上海市曹杨第二中学,749.5,否,50,408.5,142,126,147
普陀区,上海培佳双语学校,上海市宜川中学,730.5,否,50,396.5,134,120,144
普陀区,上海培佳双语学校,华东师范大学第二附属中学（普陀校区）,764,否,50,425,150,127,146
普陀区,上海市铜川学校,上海市晋元高级中学,735,否,50,402.5,131,132,137
普陀区,上海市铜川学校,上海市曹杨第二中学,749.5,否,50,412.5,135,135,142
普陀区,上海市铜川学校,上海市宜川中学,730,否,50,403,138,124,138
普陀区,上海市铜川学校,华东师范大学第二附属中学（普陀校区）,750,否,50,406,146,117,145
普陀区,上海市沙田学校,上海市晋元高级中学,723.5,否,50,391.5,126,121,139
普陀区,上海市沙田学校,上海市曹杨第二中学,740,否,50,403,139,126,144
普陀区,上海市沙田学校,上海市宜川中学,710.5,否,50,391.5,116,133,130
普陀区,上海市沙田学校,华东师范大学第二附属中学（普陀校区）,761.5,否,50,419.5,132,142,146
普陀区,华东师范大学附属外国语实验学,上海市晋元高级中学,734,否,50,409,134,131,129
普陀区,华东师范大学附属外国语实验学,上海市曹杨第二中学,752.5,否,50,422.5,140,133,134
普陀区,华东师范大学附属外国语实验学,上海市宜川中学,725.5,否,50,392.5,122,124,138
普陀区,华东师范大学附属外国语实验学,华东师范大学第二附属中学（普陀校区）,761.5,否,50,417.5,144,127,148
普陀区,上海市子长学校,上海市晋元高级中学,739.5,否,50,400.5,140,121,146
普陀区,上海市子长学校,上海市曹杨第二中学,752.5,否,50,412.5,142,128,148
普陀区,上海市子长学校,上海市宜川中学,728.5,否,50,397.5,125,125,134
普陀区,上海市子长学校,华东师范大学第二附属中学（普陀校区）,734.5,否,50,393.5,136,114,146
普陀区,上海市洛川学校,上海市晋元高级中学,742,否,50,403.5,138,123,143
普陀区,上海市洛川学校,上海市曹杨第二中学,743.5,否,50,408.5,136,131,141
普陀区,上海市洛川学校,上海市宜川中学,734.5,否,50,399.5,130,127,143
普陀区,上海市洛川学校,华东师范大学第二附属中学（普陀校区）,755,否,50,416,140,133,144
普陀区,上海市宜川中学附属学校,上海市晋元高级中学,739.5,否,50,400.5,127,127,144
普陀区,上海市宜川中学附属学校,上海市曹杨第二中学,743,否,50,408,134,132,142
普陀区,上海市宜川中学附属学校,上海市宜川中学,722,否,50,381,123,117,147
普陀区,上海市宜川中学附属学校,华东师范大学第二附属中学（普陀校区）,761,否,50,419,144,131,145
普陀区,上海市曹杨中学附属学校,上海市晋元高级中学,736.5,否,50,399.5,124,133,139
普陀区,上海市曹杨中学附属学校,上海市曹杨第二中学,750,否,50,414,142,128,141
普陀区,上海市曹杨中学附属学校,上海市宜川中学,718.5,否,50,388.5,120,128,135
普陀区,上海市曹杨中学附属学校,华东师范大学第二附属中学（普陀校区）,754.5,否,50,415.5,146,126,145
普陀区,上海市曹杨中学附属学校,上海交通大学附属中学,769.5,否,50,426.5,147,134,145
普陀区,上海市普陀区教育学院附属学校,上海市晋元高级中学,732.5,否,50,402.5,132,128,141
普陀区,上海市普陀区教育学院附属学校,上海市曹杨第二中学,729,否,50,388,118,132,146
普陀区,上海市普陀区教育学院附属学校,上海市宜川中学,731,否,50,401,132,131,140
普陀区,上海市普陀区教育学院附属学校,华东师范大学第二附属中学（普陀校区）,744.5,否,50,408,136,129,144
普陀区,上海市晋元高级中学附属学校,上海市上海中学,762,否,50,416,148,125,149
普陀区,上海市晋元高级中学附属学校,上海市晋元高级中学,745.5,否,50,407.5,136,127,144
普陀区,上海市晋元高级中学附属学校,上海市曹杨第二中学,751.5,否,50,411,138,128,147
普陀区,上海市晋元高级中学附属学校,上海市宜川中学,726.5,否,50,398.5,134,125,141
普陀区,上海市晋元高级中学附属学校,华东师范大学第二附属中学（普陀校区）,759,否,50,416,146,128,146
普陀区,上海市曹杨第二中学附属学校,上海市晋元高级中学,740,否,50,404,140,120,145
普陀区,上海市曹杨第二中学附属学校,上海市曹杨第二中学,754.5,否,50,414.5,138,131,141
普陀区,上海市曹杨第二中学附属学校,上海市宜川中学,723.5,否,50,394,133,122,137
普陀区,上海市曹杨第二中学附属学校,华东师范大学第二附属中学（普陀校区）,763.5,否,50,422.5,150,128,144
普陀区,上海市民办新黄浦实验学校,上海市晋元高级中学,743.5,否,50,405.5,136,127,142
普陀区,上海市民办新黄浦实验学校,上海市曹杨第二中学,758.5,否,50,419.5,144,129,145
普陀区,上海市民办新黄浦实验学校,上海市宜川中学,721.5,否,50,391.5,129,129,136
普陀区,上海市民办新黄浦实验学校,华东师范大学第二附属中学（普陀校区）,766,否,50,424,150,126,146
普陀区,上海市江宁学校,上海市晋元高级中学,740.5,否,50,411.5,131,133,139
普陀区,上海市江宁学校,上海市曹杨第二中学,753.5,否,50,411.5,134,132,147
普陀区,上海市江宁学校,上海市宜川中学,725.5,否,50,402.5,125,133,132
普陀区,上海市江宁学校,华东师范大学第二附属中学（普陀校区）,763.5,否,50,421.5,144,131,144
普陀区,上海市江宁学校,复旦大学附属中学,768.5,否,50,423.5,146,133,147
普陀区,上海市中远实验学校,上海市晋元高级中学,746.5,否,50,412.5,131,135,139
普陀区,上海市中远实验学校,上海市曹杨第二中学,758.5,否,50,421.5,146,133,139
普陀区,上海市中远实验学校,上海市宜川中学,724,否,50,403,134,130,133
普陀区,上海市中远实验学校,华东师范大学第二附属中学（普陀校区）,762,否,50,422,144,136,144
普陀区,上海市金鼎学校,上海市晋元高级中学,714,否,50,392,127,129,130
普陀区,上海市金鼎学校,上海市曹杨第二中学,729,否,50,393,124,125,143
普陀区,上海市金鼎学校,上海市宜川中学,720.5,否,50,390.5,130,122,139
普陀区,上海市金鼎学校,华东师范大学第二附属中学（普陀校区）,718.5,否,50,381.5,115,121,140
普陀区,上海外国语大学尚阳外国语学校,上海市晋元高级中学,743,否,50,402,121,135,143
普陀区,上海外国语大学尚阳外国语学校,上海市曹杨第二中学,746,否,50,413,140,131,138
普陀区,上海外国语大学尚阳外国语学校,上海市宜川中学,724.5,否,50,398.5,136,119,132
普陀区,上海外国语大学尚阳外国语学校,华东师范大学第二附属中学（普陀校区）,759,否,50,415,150,118,148
普陀区,上海市文达学校,上海市晋元高级中学,735.5,否,50,396.5,126,130,143
普陀区,上海市文达学校,上海市曹杨第二中学,738.5,否,50,398.5,125,129,144
普陀区,上海市文达学校,上海市宜川中学,721.5,否,50,386.5,118,124,138
普陀区,上海市文达学校,华东师范大学第二附属中学（普陀校区）,753,否,50,412,137,130,142
普陀区,上海理工大学附属普陀实验学校,上海市晋元高级中学,744.5,否,50,411.5,135,133,137
普陀区,上海理工大学附属普陀实验学校,上海市曹杨第二中学,753.5,否,50,417,145,129,142
普陀区,上海理工大学附属普陀实验学校,上海市宜川中学,733,否,50,398.5,132,124,141
普陀区,上海理工大学附属普陀实验学校,华东师范大学第二附属中学（普陀校区）,758,否,50,418,142,132,144
普陀区,上海市万里城实验学校,上海市晋元高级中学,742.5,否,50,398.5,129,129,146
普陀区,上海市万里城实验学校,上海市曹杨第二中学,757.5,否,50,425.5,146,133,137
普陀区,上海市万里城实验学校,上海市宜川中学,721,否,50,384,116,129,143
普陀区,上海市万里城实验学校,华东师范大学第二附属中学（普陀校区）,765,否,50,422,144,132,146
杨浦区,上海市铁岭中学,上海市杨浦高级中学,742.5,否,50,406.5,133,129,140
杨浦区,上海市铁岭中学,上海市控江中学,755.5,是,,,,,
杨浦区,上海市铁岭中学,复旦大学附属中学,763,否,50,419.5,142,130,147
杨浦区,上海市铁岭中学,同济大学第一附属中学,737,否,50,412,141,128,135
杨浦区,上海市鞍山初级中学,上海市杨浦高级中学,740,否,50,405,138,122,145
杨浦区,上海市鞍山初级中学,上海市控江中学,754.5,否,50,416.5,136,137,144
杨浦区,上海市鞍山初级中学,复旦大学附属中学,765,否,50,418,146,129,149
杨浦区,上海市鞍山初级中学,同济大学第一附属中学,731,否,50,398.5,131,126,136
杨浦区,上海市十五中学,上海市杨浦高级中学,741,否,50,413,134,135,131
杨浦区,上海市十五中学,上海市控江中学,753,否,50,400,130,126,136
杨浦区,上海市十五中学,上海交通大学附属中学,763.5,否,50,420.5,143,134,146
杨浦区,上海市十五中学,同济大学第一附属中学,731.5,否,50,401.5,139,124,138
杨浦区,上海市杨浦初级中学,上海市杨浦高级中学,736,否,50,395,133,129,145
杨浦区,上海市杨浦初级中学,上海市控江中学,750.5,否,50,414.5,142,132,143
杨浦区,上海市杨浦初级中学,复旦大学附属中学,759.5,否,50,418.5,138,135,147
杨浦区,上海市杨浦初级中学,同济大学第一附属中学,732.5,否,50,393.5,126,130,148
杨浦区,上海市惠民中学,上海市杨浦高级中学,743.5,否,50,413,142,124,143
杨浦区,上海市惠民中学,上海市控江中学,753,否,50,410.5,134,134,145
杨浦区,上海市惠民中学,同济大学第一附属中学,734,否,50,397,132,126,147
杨浦区,上海市辽阳中学,上海市杨浦高级中学,737.5,否,50,401.5,131,126,139
杨浦区,上海市辽阳中学,上海市控江中学,751,否,50,412.5,142,128,142
杨浦区,上海市辽阳中学,同济大学第一附属中学,728.5,否,50,398.5,129,128,138
杨浦区,上海市新大桥中学,上海市杨浦高级中学,730.5,否,50,392,124,127,143
杨浦区,上海市新大桥中学,上海市控江中学,751,否,50,417,140,132,138
杨浦区,上海市新大桥中学,复旦大学附属中学,764.5,否,50,423.5,150,129,145
杨浦区,上海市新大桥中学,同济大学第一附属中学,725,否,50,401,124,134,134
杨浦区,上海市建设初级中学,上海市杨浦高级中学,736.5,否,50,405.5,134,129,139
杨浦区,上海市建设初级中学,上海市控江中学,744,否,50,413,142,130,137
杨浦区,上海市建设初级中学,同济大学第一附属中学,725,否,50,396,131,122,132
杨浦区,上海市东辽阳中学,上海市杨浦高级中学,699.5,否,50,380.5,115,121,131
杨浦区,上海市东辽阳中学,上海市控江中学,757,否,50,422.5,146,132,143
杨浦区,上海市东辽阳中学,同济大学第一附属中学,704,否,50,369,132,111,142
杨浦区,上海市二十五中学,上海市上海中学,751,否,50,409,134,128,145
杨浦区,上海市二十五中学,上海市杨浦高级中学,732,否,50,397,124,133,144
杨浦区,上海市二十五中学,上海市控江中学,731.5,否,50,398.5,139,125,138
杨浦区,上海市二十五中学,同济大学第一附属中学,716.5,否,50,376.5,117,119,142
杨浦区,上海理工大学附属初级中学,上海市杨浦高级中学,739.5,否,50,401.5,128,131,140
杨浦区,上海理工大学附属初级中学,上海市控江中学,752.5,否,50,412.5,135,130,144
杨浦区,上海理工大学附属初级中学,上海交通大学附属中学,764.5,否,50,422.5,144,135,143
杨浦区,上海理工大学附属初级中学,同济大学第一附属中学,727.5,否,50,402.5,135,121,133
杨浦区,上海市杨浦区教育学院附属中学,上海市杨浦高级中学,737,否,50,405,126,137,139
杨浦区,上海市杨浦区教育学院附属中学,上海市控江中学,751.5,否,50,418.5,140,133,137
杨浦区,上海市杨浦区教育学院附属中学,复旦大学附属中学,758.5,否,50,422.5,146,134,141
杨浦区,上海市杨浦区教育学院附属中学,同济大学第一附属中学,724,否,50,400.5,139,119,135
杨浦区,上海市同济初级中学,上海市杨浦高级中学,744,否,50,415,140,131,133
杨浦区,上海市同济初级中学,上海市控江中学,754,否,50,412,135,129,148
杨浦区,上海市同济初级中学,上海交通大学附属中学,765,否,50,423,142,135,144
杨浦区,上海市同济初级中学,同济大学第一附属中学,735,否,50,410,147,126,138
杨浦区,上海市三门中学(上海财经大学附属初级中学）,上海市杨浦高级中学,743,否,50,408,137,132,141
杨浦区,上海市三门中学(上海财经大学附属初级中学）,上海市控江中学,751.5,否,50,394.5,129,126,144
杨浦区,上海市三门中学(上海财经大学附属初级中学）,上海交通大学附属中学,757,否,50,416,143,131,142
杨浦区,上海市三门中学(上海财经大学附属初级中学）,同济大学第一附属中学,737,否,50,405,127,133,138
杨浦区,上海市包头中学,上海市杨浦高级中学,742.5,否,50,409,137,126,143
杨浦区,上海市包头中学,上海市控江中学,742,否,50,413.5,143,127,137
杨浦区,上海市包头中学,同济大学第一附属中学,714,否,50,391.5,137,117,138
杨浦区,上海市思源中学,上海市杨浦高级中学,740,否,50,403.5,128,130,144
杨浦区,上海市思源中学,上海市控江中学,752,否,50,410,132,136,143
杨浦区,上海市思源中学,同济大学第一附属中学,733,否,50,397,131,125,142
杨浦区,上海市鞍山实验中学,上海市杨浦高级中学,744,否,50,404.5,138,126,146
杨浦区,上海市鞍山实验中学,上海市控江中学,750.5,否,50,407.5,134,129,146
杨浦区,上海市鞍山实验中学,复旦大学附属中学,757.5,否,50,414.5,138,133,147
杨浦区,上海市鞍山实验中学,同济大学第一附属中学,724.5,否,50,394.5,124,130,139
杨浦区,上海市同济第二初级中学,上海市杨浦高级中学,732,否,50,399.5,137,127,140
杨浦区,上海市同济第二初级中学,上海市控江中学,740.5,否,50,412.5,137,131,139
杨浦区,上海市同济第二初级中学,复旦大学附属中学,756.5,否,50,411.5,142,127,147
杨浦区,上海市同济第二初级中学,同济大学第一附属中学,731,否,50,406,144,124,134
杨浦区,上海市国和中学,上海市上海中学,761.5,否,50,419.5,142,133,143
杨浦区,上海市国和中学,上海市杨浦高级中学,740.5,否,50,407.5,144,123,136
杨浦区,上海市国和中学,上海市控江中学,752,否,50,410.5,143,125,144
杨浦区,上海市国和中学,同济大学第一附属中学,730.5,否,50,393.5,138,115,144
杨浦区,上海理工大学附属实验初级中学,上海市杨浦高级中学,726,否,50,396,129,128,143
杨浦区,上海理工大学附属实验初级中学,上海市控江中学,736,否,50,401,133,126,139
杨浦区,上海理工大学附属实验初级中学,上海交通大学附属中学,750,否,50,410.5,142,128,146
杨浦区,上海理工大学附属实验初级中学,同济大学第一附属中学,712,否,50,389.5,116,133,132
杨浦区,上海市控江初级中学,上海市杨浦高级中学,733.5,否,50,401.5,127,130,141
杨浦区,上海市控江初级中学,上海市控江中学,745.5,否,50,413.5,150,126,142
杨浦区,上海市控江初级中学,上海交通大学附属中学,767.5,否,50,406.5,136,126,144
杨浦区,上海市控江初级中学,同济大学第一附属中学,725,否,50,402,141,118,133
杨浦区,上海市存志学校,上海市杨浦高级中学,740,否,50,409.5,142,122,138
杨浦区,上海市存志学校,上海市控江中学,757,否,50,418,146,126,145
杨浦区,上海市存志学校,上海交通大学附属中学,766.5,否,50,425.5,146,132,143
杨浦区,上海市存志学校,同济大学第一附属中学,734,否,50,410,137,130,128
杨浦区,上海民办杨浦凯慧初级中学,上海市杨浦高级中学,737.5,否,50,401,132,126,142
杨浦区,上海民办杨浦凯慧初级中学,上海市控江中学,759,否,50,416,144,130,147
杨浦区,上海民办杨浦凯慧初级中学,上海交通大学附属中学,762,否,50,422,146,131,143
杨浦区,上海民办杨浦凯慧初级中学,同济大学第一附属中学,729,否,50,396,132,121,135
杨浦区,上海市市东实验学校（上海市市东中学）,上海市杨浦高级中学,732,否,50,399,124,135,139
杨浦区,上海市市东实验学校（上海市市东中学）,上海市控江中学,738,否,50,404,136,127,142
杨浦区,上海市市东实验学校（上海市市东中学）,同济大学第一附属中学,718.5,否,50,395.5,128,127,130
杨浦区,上海市复旦实验中学,上海市杨浦高级中学,742,否,50,405,126,134,140
杨浦区,上海市复旦实验中学,上海市控江中学,756,否,50,413,142,129,143
杨浦区,上海市复旦实验中学,上海交通大学附属中学,764.5,否,50,424.5,147,136,144
杨浦区,上海市复旦实验中学,同济大学第一附属中学,734.5,否,50,399.5,129,127,137
杨浦区,上海民办兰生中学,上海市杨浦高级中学,743.5,否,50,400.5,129,128,146
杨浦区,上海民办兰生中学,上海市控江中学,750,否,50,406,128,133,146
杨浦区,上海民办兰生中学,同济大学第一附属中学,732,否,50,401,125,132,136
杨浦区,上海市长阳实验学校,上海市杨浦高级中学,733.5,否,50,400.5,133,127,134
杨浦区,上海市长阳实验学校,上海市控江中学,748,否,50,405,133,127,145
杨浦区,上海市长阳实验学校,复旦大学附属中学,765,否,50,419,145,128,149
杨浦区,上海市长阳实验学校,同济大学第一附属中学,730,否,50,392.5,129,129,146
杨浦区,上海民办杨浦实验学校,上海市杨浦高级中学,741,否,50,414,139,132,133
杨浦区,上海民办杨浦实验学校,上海市控江中学,747.5,否,50,407,131,130,141
杨浦区,上海民办杨浦实验学校,同济大学第一附属中学,737.5,否,50,401,147,113,144
杨浦区,上海音乐学院实验学校,上海市杨浦高级中学,741,否,50,407,140,124,141
杨浦区,上海音乐学院实验学校,上海市控江中学,751,否,50,417.5,139,136,139
杨浦区,上海音乐学院实验学校,复旦大学附属中学,764,否,50,423,147,132,144
杨浦区,上海音乐学院实验学校,同济大学第一附属中学,736,否,50,402,135,126,139
杨浦区,上海市黄兴学校,上海市杨浦高级中学,734.5,否,50,394.5,128,125,143
杨浦区,上海市黄兴学校,上海市控江中学,737,否,50,405,144,131,139
杨浦区,上海市黄兴学校,上海交通大学附属中学,765,否,50,421,144,133,144
杨浦区,上海市黄兴学校,同济大学第一附属中学,729.5,否,50,403,131,134,134
杨浦区,上海市昆明学校,上海市杨浦高级中学,739,否,50,406,139,130,141
杨浦区,上海市昆明学校,上海市控江中学,748.5,否,50,410,148,119,144
杨浦区,上海市昆明学校,复旦大学附属中学,758.5,否,50,421.5,150,128,141
杨浦区,上海市昆明学校,同济大学第一附属中学,731,否,50,400,131,124,142
杨浦区,上海市育鹰学校,上海市杨浦高级中学,736.5,否,50,409.5,140,126,131
杨浦区,上海市育鹰学校,上海市控江中学,751.5,否,50,416,142,133,141
杨浦区,上海市育鹰学校,上海交通大学附属中学,764.5,否,50,418,145,131,150
杨浦区,上海市育鹰学校,同济大学第一附属中学,731.5,否,50,397.5,129,126,140
杨浦区,上海杨浦双语学校,上海市杨浦高级中学,737,否,50,403,142,124,140
杨浦区,上海杨浦双语学校,上海市控江中学,755.5,否,50,408.5,138,125,149
杨浦区,上海杨浦双语学校,复旦大学附属中学,763.5,否,50,428.5,150,132,140
杨浦区,上海杨浦双语学校,同济大学第一附属中学,726,否,50,398,131,122,137
杨浦区,上海市市光学校,上海市杨浦高级中学,727.5,否,50,395.5,130,124,141
杨浦区,上海市市光学校,上海市控江中学,735,否,50,403.5,143,127,140
杨浦区,上海市市光学校,上海交通大学附属中学,764.5,否,50,418.5,143,129,149
杨浦区,上海市市光学校,同济大学第一附属中学,725.5,否,50,387.5,117,128,142
杨浦区,上海民办沪东外国语学校,上海市杨浦高级中学,732,否,50,400,124,131,136
杨浦区,上海民办沪东外国语学校,上海市控江中学,754.5,否,50,409.5,137,129,146
杨浦区,上海民办沪东外国语学校,同济大学第一附属中学,728.5,否,50,395.5,132,128,141
杨浦区,上海民办沪东外国语学校,华东师范大学第二附属中学,757.5,否,50,421.5,139,137,142
杨浦区,上海同大实验学校,上海市杨浦高级中学,750,否,50,410,147,117,145
杨浦区,上海同大实验学校,上海市控江中学,759,否,50,416,148,124,149
杨浦区,上海同大实验学校,同济大学第一附属中学,729.5,否,50,392.5,121,128,143
杨浦区,复旦大学第二附属学校,上海市杨浦高级中学,732.5,否,50,394.5,125,124,144
杨浦区,复旦大学第二附属学校,上海市控江中学,745,否,50,410,130,137,140
杨浦区,复旦大学第二附属学校,复旦大学附属中学,768,否,50,426,140,139,145
杨浦区,复旦大学第二附属学校,同济大学第一附属中学,729.5,否,50,400,142,121,140
杨浦区,同济大学附属新江湾城实验学校,上海市杨浦高级中学,737.5,否,50,401.5,144,118,144
杨浦区,同济大学附属新江湾城实验学校,上海市控江中学,755.5,否,50,413.5,134,138,146
杨浦区,同济大学附属新江湾城实验学校,同济大学第一附属中学,735,否,50,408,132,131,134
松江区,上海市松江区第七中学,上海市松江二中,755.5,否,50,414.5,133,135,145
松江区,上海市松江区第七中学,华东师范大学第二附属中学松江分校,758.5,否,50,419.5,147,129,142
松江区,上海市松江区第七中学,上海师范大学附属中学松江分校,743,否,50,400,141,123,148
松江区,上海市松江区第七中学,上海市松江一中,730,否,50,396.5,129,127,139
松江区,上海市松江区第七中学,上海外国语大学附属外国语学校松江云间中学,744.5,否,50,406.5,144,123,144
松江区,上海对外经贸大学附属松江实验学校花园分校,上海市松江二中,751.5,否,50,418.5,144,130,136
松江区,上海对外经贸大学附属松江实验学校花园分校,华东师范大学第二附属中学松江分校,759.5,否,50,422.5,146,134,145
松江区,上海对外经贸大学附属松江实验学校花园分校,上海师范大学附属中学松江分校,737,否,50,407,138,126,137
松江区,上海对外经贸大学附属松江实验学校花园分校,上海市松江一中,731.5,否,50,408,129,132,130
松江区,上海对外经贸大学附属松江实验学校花园分校,上海外国语大学附属外国语学校松江云间中学,741,否,50,404,135,127,146
松江区,上海市松江区第五中学,上海师范大学附属中学,730,否,50,405.5,136,125,137
松江区,上海市松江区第五中学,上海市松江二中,736.5,否,50,404.5,129,129,140
松江区,上海市松江区第五中学,华东师范大学第二附属中学松江分校,744,否,50,399,131,123,148
松江区,上海市松江区第五中学,上海师范大学附属中学松江分校,742.5,否,50,408,142,127,143
松江区,上海市松江区第五中学,上海市松江一中,724.5,否,50,395,128,125,136
松江区,上海市松江区第五中学,上海外国语大学附属外国语学校松江云间中学,728.5,否,50,396.5,130,125,139
松江区,上海市松江区九亭中学,上海市松江二中,752,否,50,414,139,127,145
松江区,上海市松江区九亭中学,华东师范大学第二附属中学松江分校,760,否,50,421,142,133,142
松江区,上海市松江区九亭中学,上海师范大学附属中学松江分校,739,否,50,403,132,127,140
松江区,上海市松江区九亭中学,上海市松江一中,729.5,否,50,399.5,136,116,140
松江区,上海市松江区九亭中学,上海外国语大学附属外国语学校松江云间中学,743.5,否,50,408.5,139,132,142
松江区,上海市松江区第六中学,上海市松江二中,752,否,50,417.5,137,136,143
松江区,上海市松江区第六中学,华东师范大学第二附属中学松江分校,759,否,50,419.5,142,134,143
松江区,上海市松江区第六中学,上海师范大学附属中学松江分校,737.5,否,50,396.5,142,117,147
松江区,上海市松江区第六中学,上海市松江一中,733,否,50,402,131,129,136
松江区,上海市松江区第六中学,上海外国语大学附属外国语学校松江云间中学,735.5,否,50,399,131,124,142
松江区,上海市松江区九亭第二中学,上海市松江二中,748.5,否,50,405.5,134,131,145
松江区,上海市松江区九亭第二中学,华东师范大学第二附属中学松江分校,757,否,50,418,147,128,143
松江区,上海市松江区九亭第二中学,上海师范大学附属中学松江分校,742.5,否,50,411,142,127,134
松江区,上海市松江区九亭第二中学,上海市松江一中,733.5,否,50,404,133,128,132
松江区,上海市松江区九亭第二中学,上海外国语大学附属外国语学校松江云间中学,742.5,否,50,406,138,125,146
松江区,上海外国语大学附属外国语学校松江云间中学,上海市松江二中,750.5,是,,,,,
松江区,上海外国语大学附属外国语学校松江云间中学,华东师范大学第二附属中学松江分校,749.5,否,50,415.5,150,124,138
松江区,上海外国语大学附属外国语学校松江云间中学,上海师范大学附属中学松江分校,731.5,否,50,394,123,127,145
松江区,上海外国语大学附属外国语学校松江云间中学,上海市松江一中,731.5,否,50,392.5,117,132,145
松江区,上海外国语大学附属外国语学校松江云间中学,上海外国语大学附属外国语学校松江云间中学,746,否,50,407,136,127,145
松江区,上海市松江区新桥中学,上海市松江二中,731,否,50,393,124,126,144
松江区,上海市松江区新桥中学,华东师范大学第二附属中学松江分校,752,否,50,411,144,125,145
松江区,上海市松江区新桥中学,上海师范大学附属中学松江分校,735.5,否,50,401,136,124,141
松江区,上海市松江区新桥中学,上海市松江一中,730,否,50,394.5,125,129,142
松江区,上海市松江区新桥中学,上海外国语大学附属外国语学校松江云间中学,738,否,50,409,138,123,135
松江区,上海市松江区民办茸一中学,上海市松江二中,749,否,50,412.5,133,133,142
松江区,上海市松江区民办茸一中学,华东师范大学第二附属中学松江分校,746,否,50,407,140,128,141
松江区,上海市松江区民办茸一中学,上海师范大学附属中学松江分校,735,否,50,398.5,142,116,145
松江区,上海市松江区民办茸一中学,上海市松江一中,728,否,50,405,140,127,135
松江区,上海市松江区民办茸一中学,上海外国语大学附属外国语学校松江云间中学,744,否,50,403,138,121,147
松江区,上海市松江九峰实验学校,上海市上海中学,768,否,50,424.5,146,132,148
松江区,上海市松江九峰实验学校,上海市松江二中,753.5,否,50,411.5,137,131,145
松江区,上海市松江九峰实验学校,华东师范大学第二附属中学松江分校,757.5,否,50,417.5,136,134,141
松江区,上海市松江九峰实验学校,上海师范大学附属中学松江分校,741.5,否,50,403,132,126,142
松江区,上海市松江九峰实验学校,上海市松江一中,728.5,否,50,389.5,129,119,145
松江区,上海市松江九峰实验学校,上海外国语大学附属外国语学校松江云间中学,744,否,50,409,142,124,143
松江区,上海市松江区洞泾学校,上海市松江二中,740.5,否,50,400.5,134,121,144
松江区,上海市松江区洞泾学校,华东师范大学第二附属中学松江分校,742,否,50,408,131,135,139
松江区,上海市松江区洞泾学校,上海师范大学附属中学松江分校,734,否,50,395,137,126,145
松江区,上海市松江区洞泾学校,上海市松江一中,729.5,否,50,396,128,130,141
松江区,上海市松江区洞泾学校,上海外国语大学附属外国语学校松江云间中学,735.5,否,50,399.5,136,124,145
松江区,上海市松江二中附属浦南实验学,上海市上海中学,763.5,否,50,421,149,130,147
松江区,上海市松江二中附属浦南实验学,上海市松江二中,705,否,50,386,127,121,135
松江区,上海市松江二中附属浦南实验学,华东师范大学第二附属中学松江分校,736.5,否,50,397.5,129,126,146
松江区,上海市松江二中附属浦南实验学,上海师范大学附属中学松江分校,727.5,否,50,391.5,136,126,142
松江区,上海市松江二中附属浦南实验学,上海市松江一中,724,否,50,396.5,122,132,135
松江区,上海市松江二中附属浦南实验学,上海外国语大学附属外国语学校松江云间中学,718.5,否,50,396.5,140,119,133
松江区,上海市松江区民乐学校,上海市松江二中,749,否,50,419.5,139,136,138
松江区,上海市松江区民乐学校,华东师范大学第二附属中学松江分校,758,否,50,414,137,129,147
松江区,上海市松江区民乐学校,上海师范大学附属中学松江分校,736.5,否,50,402.5,132,125,139
松江区,上海市松江区民乐学校,上海市松江一中,731,否,50,399,131,126,140
松江区,上海市松江区民乐学校,上海外国语大学附属外国语学校松江云间中学,737.5,否,50,402.5,139,119,138
松江区,上海市松江区泗泾实验学校,上海市松江二中,745.5,否,50,406,128,135,147
松江区,上海市松江区泗泾实验学校,华东师范大学第二附属中学松江分校,737.5,否,50,409,146,120,143
松江区,上海市松江区泗泾实验学校,上海师范大学附属中学松江分校,739,否,50,414,141,131,132
松江区,上海市松江区泗泾实验学校,上海市松江一中,727,否,50,402.5,129,128,132
松江区,上海市松江区泗泾实验学校,上海外国语大学附属外国语学校松江云间中学,739.5,否,50,405.5,132,130,140
松江区,上海政法学院附属松江外国语学,复旦大学附属中学,758.5,否,50,418.5,133,136,144
松江区,上海政法学院附属松江外国语学,上海市松江二中,748.5,否,50,406.5,135,127,145
松江区,上海政法学院附属松江外国语学,华东师范大学第二附属中学松江分校,747,否,50,412,137,130,138
松江区,上海政法学院附属松江外国语学,上海师范大学附属中学松江分校,718.5,否,50,387.5,132,111,139
松江区,上海政法学院附属松江外国语学,上海市松江一中,723,否,50,392,128,127,142
松江区,上海政法学院附属松江外国语学,上海外国语大学附属外国语学校松江云间中学,741.5,否,50,409.5,133,132,138
松江区,东华大学附属实验学校松江小昆山分校,复旦大学附属中学,758,否,50,416,146,127,146
松江区,东华大学附属实验学校松江小昆山分校,上海市松江二中,737.5,否,50,406.5,140,126,141
松江区,东华大学附属实验学校松江小昆山分校,华东师范大学第二附属中学松江分校,731,否,50,394,123,126,141
松江区,东华大学附属实验学校松江小昆山分校,上海师范大学附属中学松江分校,710,否,50,390,122,127,130
松江区,东华大学附属实验学校松江小昆山分校,上海市松江一中,717,否,50,385,129,118,139
松江区,东华大学附属实验学校松江小昆山分校,上海外国语大学附属外国语学校松江云间中学,724.5,否,50,393.5,131,122,140
松江区,上海市松江区仓桥学校,上海市松江二中,735.5,否,50,402.5,147,117,143
松江区,上海市松江区仓桥学校,华东师范大学第二附属中学松江分校,690.5,否,50,366.5,105,121,132
松江区,上海市松江区仓桥学校,上海师范大学附属中学松江分校,732.5,否,50,401.5,139,131,140
松江区,上海市松江区仓桥学校,上海市松江一中,724,否,50,395,131,123,136
松江区,上海市松江区仓桥学校,上海外国语大学附属外国语学校松江云间中学,729,否,50,395,121,127,139
松江区,上海市松江区佘山学校,上海市松江二中,713,否,50,391,134,116,131
松江区,上海市松江区佘山学校,华东师范大学第二附属中学松江分校,765,否,50,426,150,132,144
松江区,上海市松江区佘山学校,上海师范大学附属中学松江分校,716,否,50,382,122,125,142
松江区,上海市松江区佘山学校,上海市松江一中,715,否,50,394,129,119,126
松江区,上海市松江区佘山学校,上海外国语大学附属外国语学校松江云间中学,727,否,50,394,147,113,144
松江区,上海市三新学校,上海市松江二中,751,否,50,421,145,132,138
松江区,上海市三新学校,华东师范大学第二附属中学松江分校,760,否,50,427,142,140,137
松江区,上海市三新学校,上海师范大学附属中学松江分校,738.5,否,50,405.5,133,127,137
松江区,上海市三新学校,上海市松江一中,733,否,50,411,135,129,130
松江区,上海市三新学校,上海外国语大学附属外国语学校松江云间中学,746.5,否,50,413.5,135,133,138
松江区,上海世外教育附属松江区车墩学,上海交通大学附属中学,738,否,50,401,137,125,143
松江区,上海世外教育附属松江区车墩学,上海市松江二中,738,否,50,401,141,120,142
松江区,上海世外教育附属松江区车墩学,华东师范大学第二附属中学松江分校,735.5,否,50,396.5,138,115,145
松江区,上海世外教育附属松江区车墩学,上海师范大学附属中学松江分校,725.5,否,50,387,119,130,144
松江区,上海世外教育附属松江区车墩学,上海市松江一中,723.5,否,50,389.5,124,124,142
松江区,上海世外教育附属松江区车墩学,上海外国语大学附属外国语学校松江云间中学,737,否,50,403,142,121,140
松江区,上海市松江区张泽学校,上海市松江二中,704.5,否,50,387,128,127,127
松江区,上海市松江区张泽学校,华东师范大学第二附属中学松江分校,743.5,否,50,401.5,145,119,146
松江区,上海市松江区张泽学校,上海师范大学附属中学松江分校,712,否,50,389,112,133,132
松江区,上海市松江区张泽学校,上海市松江一中,697,否,50,376.5,121,121,134
松江区,上海市松江区张泽学校,上海外国语大学附属外国语学校松江云间中学,716.5,否,50,392.5,132,123,134
松江区,上海市松江区天马山学校,华东师范大学第二附属中学,762,否,50,422.5,146,132,146
松江区,上海市松江区天马山学校,上海市松江二中,732,否,50,399,133,122,142
松江区,上海市松江区天马山学校,华东师范大学第二附属中学松江分校,746,否,50,412,136,131,141
松江区,上海市松江区天马山学校,上海师范大学附属中学松江分校,692,否,50,373,124,128,133
松江区,上海市松江区天马山学校,上海市松江一中,701,否,50,388.5,132,122,132
松江区,上海市松江区天马山学校,上海外国语大学附属外国语学校松江云间中学,701.5,否,50,383.5,110,129,132
松江区,上海戏剧学院附属松江实验学校,上海市松江二中,744,否,50,405,135,126,144
松江区,上海戏剧学院附属松江实验学校,华东师范大学第二附属中学松江分校,738.5,否,50,404.5,137,129,140
松江区,上海戏剧学院附属松江实验学校,上海师范大学附属中学松江分校,734.5,否,50,400.5,139,123,140
松江区,上海戏剧学院附属松江实验学校,上海市松江一中,725,否,50,405,144,120,131
松江区,上海戏剧学院附属松江实验学校,上海外国语大学附属外国语学校松江云间中学,737,否,50,397.5,132,126,144
松江区,上海市西外外国语学校,上海市松江二中,754,否,50,419,144,133,141
松江区,上海市西外外国语学校,华东师范大学第二附属中学松江分校,759,否,50,414,136,133,147
松江区,上海市西外外国语学校,上海师范大学附属中学松江分校,735.5,否,50,399.5,134,125,142
松江区,上海市西外外国语学校,上海市松江一中,732,否,50,402.5,130,133,135
松江区,上海市西外外国语学校,上海外国语大学附属外国语学校松江云间中学,747,否,50,408,138,128,144
松江区,上海市松江一中附属叶榭学校,上海市松江二中,744,否,50,411,138,127,140
松江区,上海市松江一中附属叶榭学校,华东师范大学第二附属中学松江分校,760.5,否,50,417.5,146,126,149
松江区,上海市松江一中附属叶榭学校,上海师范大学附属中学松江分校,722,否,50,391,128,128,142
松江区,上海市松江一中附属叶榭学校,上海市松江一中,730.5,否,50,398.5,130,132,137
松江区,上海市松江一中附属叶榭学校,上海外国语大学附属外国语学校松江云间中学,734.5,否,50,401.5,134,128,141
松江区,上海外国语大学松江外国语学校,上海市松江二中,749.5,否,50,412.5,133,131,141
松江区,上海外国语大学松江外国语学校,华东师范大学第二附属中学松江分校,760,否,50,419,140,134,143
松江区,上海外国语大学松江外国语学校,上海师范大学附属中学松江分校,738,否,50,403,127,132,140
松江区,上海外国语大学松江外国语学校,上海市松江一中,731.5,否,50,400.5,138,120,140
松江区,上海外国语大学松江外国语学校,上海外国语大学附属外国语学校松江云间中学,744,否,50,420,144,132,130
松江区,东华大学附属实验学校,上海市松江二中,754,否,50,417,143,130,143
松江区,东华大学附属实验学校,华东师范大学第二附属中学松江分校,761.5,否,50,415.5,135,137,148
松江区,东华大学附属实验学校,上海师范大学附属中学松江分校,744.5,否,50,411,145,124,139
松江区,东华大学附属实验学校,上海市松江一中,735,否,50,413,132,137,132
松江区,东华大学附属实验学校,上海外国语大学附属外国语学校松江云间中学,746.5,否,50,409.5,136,133,144
松江区,上海赫贤学校,上海市松江二中,692,否,50,394.5,128,125,120
松江区,上海赫贤学校,华东师范大学第二附属中学松江分校,705.5,否,50,386.5,127,119,126
松江区,上海赫贤学校,上海师范大学附属中学松江分校,705.5,否,50,389,135,116,129.5
松江区,上海赫贤学校,上海市松江一中,687,否,50,379,128,112,126
松江区,上海赫贤学校,上海外国语大学附属外国语学校松江云间中学,709.5,否,50,392.5,126,127,125
松江区,华东政法大学附属松江实验学校,上海市松江二中,754,否,50,418,142,128,140
松江区,华东政法大学附属松江实验学校,华东师范大学第二附属中学松江分校,763.5,否,50,422.5,139,137,145
松江区,华东政法大学附属松江实验学校,上海师范大学附属中学松江分校,737.5,否,50,396.5,137,117,145
松江区,华东政法大学附属松江实验学校,上海市松江一中,734,否,50,406,135,125,135
松江区,华东政法大学附属松江实验学校,上海外国语大学附属外国语学校松江云间中学,747,否,50,407,140,128,145
松江区,上海师范大学松江科创实验学校,上海市松江二中,755,否,50,415,141,131,146
松江区,上海师范大学松江科创实验学校,华东师范大学第二附属中学松江分校,757,否,50,422,139,137,137
松江区,上海师范大学松江科创实验学校,上海师范大学附属中学松江分校,727,否,50,406,130,130,125
松江区,上海师范大学松江科创实验学校,上海市松江一中,728.5,否,50,401,126,129,133
松江区,上海师范大学松江科创实验学校,上海外国语大学附属外国语学校松江云间中学,739.5,否,50,408.5,142,123,138
松江区,上海市松江区新闵学校,上海交通大学附属中学,762,否,50,420,146,126,146
松江区,上海市松江区新闵学校,上海市松江二中,750,否,50,417,140,135,139
松江区,上海市松江区新闵学校,华东师范大学第二附属中学松江分校,760.5,否,50,421.5,146,131,148
松江区,上海市松江区新闵学校,上海师范大学附属中学松江分校,739,否,50,404,135,128,140
松江区,上海市松江区新闵学校,上海市松江一中,731.5,否,50,402.5,142,123,140
松江区,上海市松江区新闵学校,上海外国语大学附属外国语学校松江云间中学,743.5,否,50,409,142,124,143
松江区,上海师范大学附属松江实验学校,上海师范大学附属中学,737,否,50,404,142,120,138
松江区,上海师范大学附属松江实验学校,上海市松江二中,753,否,50,409,145,120,148
松江区,上海师范大学附属松江实验学校,华东师范大学第二附属中学松江分校,756,否,50,415.5,138,132,143
松江区,上海师范大学附属松江实验学校,上海师范大学附属中学松江分校,735.5,否,50,398.5,127,126,141
松江区,上海师范大学附属松江实验学校,上海市松江一中,729.5,否,50,392,129,120,146
松江区,上海师范大学附属松江实验学校,上海外国语大学附属外国语学校松江云间中学,739.5,否,50,397.5,122,129,142
松江区,上海工程技术大学附属松江泗泾实验学校,上海交通大学附属中学,766.5,否,50,421.5,146,129,148
松江区,上海工程技术大学附属松江泗泾实验学校,上海市松江二中,751,否,50,414,142,126,140
松江区,上海工程技术大学附属松江泗泾实验学校,华东师范大学第二附属中学松江分校,760.5,否,50,421.5,147,132,143
松江区,上海工程技术大学附属松江泗泾实验学校,上海师范大学附属中学松江分校,742.5,否,50,401.5,142,122,145
松江区,上海工程技术大学附属松江泗泾实验学校,上海市松江一中,735,否,50,408.5,134,127,130
松江区,上海工程技术大学附属松江泗泾实验学校,上海外国语大学附属外国语学校松江云间中学,749,否,50,410,139,128,143
松江区,上海市三新学校松江思贤分校,华东师范大学第二附属中学,764.5,否,50,423,144,134,147
松江区,上海市三新学校松江思贤分校,上海市松江二中,750.5,否,50,414,142,128,141
松江区,上海市三新学校松江思贤分校,华东师范大学第二附属中学松江分校,753,否,50,420,140,135,140
松江区,上海市三新学校松江思贤分校,上海师范大学附属中学松江分校,737.5,否,50,404.5,131,133,142
松江区,上海市三新学校松江思贤分校,上海市松江一中,733,否,50,396,130,122,146
松江区,上海市三新学校松江思贤分校,上海外国语大学附属外国语学校松江云间中学,738.5,否,50,404.5,135,126,140
松江区,上海师范大学松江未来实验学校,上海市松江二中,715,否,50,384,126,129,138
松江区,上海师范大学松江未来实验学校,华东师范大学第二附属中学松江分校,732,否,50,404,131,134,135
松江区,上海师范大学松江未来实验学校,上海师范大学附属中学松江分校,689.5,否,50,376,116,123,120
松江区,上海师范大学松江未来实验学校,上海市松江一中,692.5,否,50,370,96,130,129
松江区,上海师范大学松江未来实验学校,上海外国语大学附属外国语学校松江云间中学,708.5,否,50,383,117,123,136
松江区,上海市松江区洞泾外国语实验学,上海市松江二中,716.5,否,50,383.5,125,121,144
松江区,上海市松江区洞泾外国语实验学,华东师范大学第二附属中学松江分校,728.5,否,50,397.5,131,125,135
松江区,上海市松江区洞泾外国语实验学,上海师范大学附属中学松江分校,713,否,50,395.5,125,131,126
松江区,上海市松江区洞泾外国语实验学,上海市松江一中,706.5,否,50,378,119,125,138
松江区,上海市松江区洞泾外国语实验学,上海外国语大学附属外国语学校松江云间中学,701,否,50,372.5,112,119,136
松江区,上海市三新学校松江东部分校,上海市松江二中,744,否,50,413,132,134,137
松江区,上海市三新学校松江东部分校,华东师范大学第二附属中学松江分校,744,否,50,407.5,138,130,145
松江区,上海市三新学校松江东部分校,上海师范大学附属中学松江分校,738.5,否,50,410,142,122,138
松江区,上海市三新学校松江东部分校,上海市松江一中,731,否,50,406,138,127,136
松江区,上海市三新学校松江东部分校,上海外国语大学附属外国语学校松江云间中学,740,否,50,412.5,142,124,134
松江区,上海市松江区科技学校,上海交通大学附属中学,754,否,50,411.5,150,123,147
松江区,上海市松江区科技学校,上海市松江二中,744.5,否,50,413.5,139,133,136
松江区,上海市松江区科技学校,华东师范大学第二附属中学松江分校,754,否,50,419,144,133,141
松江区,上海市松江区科技学校,上海师范大学附属中学松江分校,739.5,否,50,401.5,135,120,142
松江区,上海市松江区科技学校,上海市松江一中,733.5,否,50,393.5,127,126,142
松江区,上海市松江区科技学校,上海外国语大学附属外国语学校松江云间中学,740,否,50,405,141,119,145
浦东新区,上海市建平中学西校,上海中学东校,750.5,否,50,411.5,134,130,142
浦东新区,上海市建平中学西校,上海市建平中学,759,否,50,421,146,131,141
浦东新区,上海市建平中学西校,上海市进才中学,754,否,50,413,141,128,144
浦东新区,上海市建平中学西校,上海南汇中学,722,否,50,402,132,128,128
浦东新区,上海市建平中学西校,上海市浦东复旦附中分校,763.5,否,50,419.5,140,136,148
浦东新区,上海市建平中学西校,上海市洋泾中学,746,否,50,410,136,132,141
浦东新区,上海市建平中学西校,上海市高桥中学,729,否,50,404,131,126,129
浦东新区,上海市建平中学西校,上海市川沙中学,743.5,否,50,402.5,125,130,145
浦东新区,上海市进才中学北校,上海市上海中学,766,否,50,429,147,134,142
浦东新区,上海市进才中学北校,上海中学东校,750.5,否,50,414.5,138,131,140
浦东新区,上海市进才中学北校,上海市建平中学,760,否,50,424,146,130,140
浦东新区,上海市进才中学北校,上海市进才中学,755,否,50,413,135,134,146
浦东新区,上海市进才中学北校,上海南汇中学,724.5,否,50,394.5,133,113,136
浦东新区,上海市进才中学北校,上海市浦东复旦附中分校,764,否,50,425,144,132,142
浦东新区,上海市进才中学北校,上海市洋泾中学,744.5,否,50,406.5,136,127,143
浦东新区,上海市进才中学北校,上海市高桥中学,732,否,50,404,129,135,138
浦东新区,上海市进才中学北校,上海市川沙中学,740,否,50,417.5,146,124,134
浦东新区,华东师范大学附属东昌中学南校,上海中学东校,741.5,否,50,406.5,140,125,144
浦东新区,华东师范大学附属东昌中学南校,上海市建平中学,755.5,否,50,416.5,142,128,146
浦东新区,华东师范大学附属东昌中学南校,上海市进才中学,754.5,否,50,412.5,135,131,147
浦东新区,华东师范大学附属东昌中学南校,上海南汇中学,726.5,否,50,406,131,129,130
浦东新区,华东师范大学附属东昌中学南校,上海市浦东复旦附中分校,765.5,否,50,422.5,146,132,147
浦东新区,华东师范大学附属东昌中学南校,上海师范大学附属中学,737.5,否,50,403,132,133,139
浦东新区,华东师范大学附属东昌中学南校,上海市洋泾中学,742,否,50,405,132,130,144
浦东新区,华东师范大学附属东昌中学南校,上海市高桥中学,737,否,50,408,142,126,139
浦东新区,华东师范大学附属东昌中学南校,上海市川沙中学,742.5,否,50,402.5,128,128,144
浦东新区,上海市洋泾中学东校,上海中学东校,743,否,50,408,145,124,141
浦东新区,上海市洋泾中学东校,上海市建平中学,754,否,50,412.5,138,129,149
浦东新区,上海市洋泾中学东校,上海市进才中学,744,否,50,410.5,146,126,144
浦东新区,上海市洋泾中学东校,上海南汇中学,718.5,否,50,386,122,122,144
浦东新区,上海市洋泾中学东校,上海市浦东复旦附中分校,756.5,否,50,423.5,138,137,143
浦东新区,上海市洋泾中学东校,上海市洋泾中学,745,否,50,415.5,140,135,141
浦东新区,上海市洋泾中学东校,上海市高桥中学,717,否,50,381.5,115,126,145
浦东新区,上海市洋泾中学东校,上海市川沙中学,735.5,否,50,407.5,147,125,140.5
浦东新区,上海市上南中学东校,上海中学东校,742,否,50,407.5,139,126,138
浦东新区,上海市上南中学东校,上海市建平中学,750.5,否,50,409,140,128,149
浦东新区,上海市上南中学东校,上海市进才中学,748,否,50,411,136,130,142
浦东新区,上海市上南中学东校,华东师范大学第二附属中学,762.5,否,50,422.5,145,133,145
浦东新区,上海市上南中学东校,上海南汇中学,727.5,否,50,398.5,128,126,135
浦东新区,上海市上南中学东校,上海市浦东复旦附中分校,753.5,否,50,422.5,142,135,138
浦东新区,上海市上南中学东校,上海市洋泾中学,744.5,否,50,416,142,132,139
浦东新区,上海市上南中学东校,上海市高桥中学,722,否,50,396.5,125,123,128
浦东新区,上海市上南中学东校,上海市川沙中学,739,否,50,409,128,134,138
浦东新区,上海市上南中学北校,上海中学东校,743,否,50,413.5,138,128,136
浦东新区,上海市上南中学北校,上海市建平中学,725,否,50,390.5,123,128,141
浦东新区,上海市上南中学北校,上海市进才中学,744,否,50,409.5,138,129,143
浦东新区,上海市上南中学北校,华东师范大学第二附属中学,744,否,50,417,144,130,132
浦东新区,上海市上南中学北校,上海南汇中学,718,否,50,393,121,127,132
浦东新区,上海市上南中学北校,上海市浦东复旦附中分校,742,否,50,404.5,140,122,146
浦东新区,上海市上南中学北校,上海市洋泾中学,740,否,50,406,127,135,140
浦东新区,上海市上南中学北校,上海市高桥中学,724,否,50,387,121,127,143
浦东新区,上海市上南中学北校,上海市川沙中学,743,否,50,406.5,140,127,142
浦东新区,上海市三林中学北校,上海中学东校,728,否,50,404.5,133,131,132
浦东新区,上海市三林中学北校,上海市建平中学,730.5,否,50,395.5,131,121,143
浦东新区,上海市三林中学北校,上海市进才中学,740,否,50,408,147,117,140
浦东新区,上海市三林中学北校,上海南汇中学,715,否,50,395,129,123,126
浦东新区,上海市三林中学北校,上海市浦东复旦附中分校,749.5,否,50,410,136,135,145.5
浦东新区,上海市三林中学北校,上海市洋泾中学,732,否,50,395,132,125,141
浦东新区,上海市三林中学北校,上海市高桥中学,726.5,否,50,397.5,134,126,139
浦东新区,上海市三林中学北校,上海市川沙中学,735,否,50,399.5,131,127,144
浦东新区,上海市洪山中学,上海交通大学附属中学,751.5,否,50,413.5,137,130,143
浦东新区,上海市洪山中学,上海中学东校,738.5,否,50,411,137,132,134
浦东新区,上海市洪山中学,上海市建平中学,731,否,50,396,132,124,137
浦东新区,上海市洪山中学,上海市进才中学,740,否,50,404.5,138,127,138
浦东新区,上海市洪山中学,上海南汇中学,717,否,50,393.5,121,133,131
浦东新区,上海市洪山中学,上海市浦东复旦附中分校,738,否,50,402,136,120,138
浦东新区,上海市洪山中学,上海市洋泾中学,737,否,50,397.5,132,121,146
浦东新区,上海市洪山中学,上海市高桥中学,728.5,否,50,392,131,121,144
浦东新区,上海市洪山中学,上海市川沙中学,723.5,否,50,389.5,119,125,137
浦东新区,上海市上南中学南校,上海中学东校,743,否,50,409,136,130,137
浦东新区,上海市上南中学南校,上海市建平中学,756,否,50,420,138,135,139
浦东新区,上海市上南中学南校,上海市进才中学,751.5,否,50,413,142,126,145
浦东新区,上海市上南中学南校,上海南汇中学,729,否,50,393,127,124,141
浦东新区,上海市上南中学南校,上海市浦东复旦附中分校,763.5,否,50,419.5,146,130,146
浦东新区,上海市上南中学南校,上海师范大学附属中学,739.5,否,50,409.5,142,124,139.5
浦东新区,上海市上南中学南校,上海市洋泾中学,743,否,50,410,129,137,141
浦东新区,上海市上南中学南校,上海市高桥中学,730.5,否,50,402,129,133,134
浦东新区,上海市上南中学南校,上海市川沙中学,736.5,否,50,401.5,144,126,145
浦东新区,上海市清流中学,上海中学东校,740,否,50,398,133,123,146
浦东新区,上海市清流中学,上海市建平中学,751.5,否,50,414.5,138,133,145
浦东新区,上海市清流中学,上海市进才中学,751,否,50,410,143,127,145
浦东新区,上海市清流中学,上海南汇中学,729,否,50,400,123,136,134
浦东新区,上海市清流中学,上海市浦东复旦附中分校,750.5,否,50,411.5,139,127,146
浦东新区,上海市清流中学,上海市洋泾中学,739.5,否,50,407.5,142,123,142
浦东新区,上海市清流中学,上海市高桥中学,732,否,50,394,130,128,144
浦东新区,上海市清流中学,上海市川沙中学,737,否,50,410,136,130,133
浦东新区,上海市清流中学,上海市实验学校,762.5,否,50,417,142,127,148
浦东新区,上海市浦泾中学,上海中学东校,716.5,否,50,394.5,120,132,131
浦东新区,上海市浦泾中学,上海市建平中学,732,否,50,401,137,120,139
浦东新区,上海市浦泾中学,上海市进才中学,731,否,50,404.5,131,133,130
浦东新区,上海市浦泾中学,华东师范大学第二附属中学,745.5,否,50,407.5,143,122,144
浦东新区,上海市浦泾中学,上海南汇中学,714,否,50,393,120,134,125
浦东新区,上海市浦泾中学,上海市浦东复旦附中分校,724,否,50,388,119,121,142
浦东新区,上海市浦泾中学,上海市洋泾中学,727.5,否,50,397.5,134,120,136
浦东新区,上海市浦泾中学,上海市高桥中学,717,否,50,396.5,123,131,129
浦东新区,上海市浦泾中学,上海市川沙中学,736.5,否,50,402.5,134,124,139
浦东新区,上海交通大学附属浦东实验中学,上海中学东校,751.5,否,50,409.5,140,127,147
浦东新区,上海交通大学附属浦东实验中学,上海市建平中学,760,否,50,420,140,135,142
浦东新区,上海交通大学附属浦东实验中学,上海市进才中学,751,否,50,416,142,128,140
浦东新区,上海交通大学附属浦东实验中学,上海南汇中学,731.5,否,50,397.5,130,125,141
浦东新区,上海交通大学附属浦东实验中学,上海市浦东复旦附中分校,762,否,50,424,141,134,145
浦东新区,上海交通大学附属浦东实验中学,上海市洋泾中学,744,否,50,412.5,146,124,139
浦东新区,上海交通大学附属浦东实验中学,上海市高桥中学,733.5,否,50,396.5,122,129,141
浦东新区,上海交通大学附属浦东实验中学,上海市川沙中学,744,否,50,406,142,123,143
浦东新区,上海市浦东新区教育学院附属实验中学,复旦大学附属中学,745.5,否,50,415.5,144,126,141
浦东新区,上海市浦东新区教育学院附属实验中学,上海中学东校,690.5,否,50,374,133,120,128
浦东新区,上海市浦东新区教育学院附属实验中学,上海市建平中学,714,否,50,384,124,123,136
浦东新区,上海市浦东新区教育学院附属实验中学,上海市进才中学,721.5,否,50,391.5,124,123,138
浦东新区,上海市浦东新区教育学院附属实验中学,上海南汇中学,697.5,否,50,379.5,128,119,126
浦东新区,上海市浦东新区教育学院附属实验中学,上海市浦东复旦附中分校,736.5,否,50,405.5,142,126,141
浦东新区,上海市浦东新区教育学院附属实验中学,上海市洋泾中学,709.5,否,50,389.5,122,128,127
浦东新区,上海市浦东新区教育学院附属实验中学,上海市高桥中学,705,否,50,376,144,118,140
浦东新区,上海市浦东新区教育学院附属实验中学,上海市川沙中学,707.5,否,50,374.5,117,124,136
浦东新区,上海市洋泾中学南校,上海中学东校,744,否,50,409,139,126,138
浦东新区,上海市洋泾中学南校,上海市建平中学,747.5,否,50,413,137,128,144
浦东新区,上海市洋泾中学南校,上海市进才中学,746,否,50,410,137,131,138
浦东新区,上海市洋泾中学南校,上海南汇中学,729,否,50,400,136,121,136
浦东新区,上海市洋泾中学南校,上海市浦东复旦附中分校,743.5,否,50,407,139,129,141
浦东新区,上海市洋泾中学南校,上海市洋泾中学,741.5,否,50,404.5,135,123,141
浦东新区,上海市洋泾中学南校,上海市高桥中学,728.5,否,50,388,120,123,147
浦东新区,上海市洋泾中学南校,上海市川沙中学,742.5,否,50,400.5,130,128,146
浦东新区,上海市东昌东校,上海中学东校,730.5,否,50,396.5,124,129,138
浦东新区,上海市东昌东校,上海市建平中学,752.5,否,50,422.5,137,138,138
浦东新区,上海市东昌东校,上海市进才中学,753,否,50,410.5,137,130,148
浦东新区,上海市东昌东校,上海南汇中学,737.5,否,50,404.5,132,129,140
浦东新区,上海市东昌东校,上海市浦东复旦附中分校,764,否,50,421.5,141,135,149
浦东新区,上海市东昌东校,上海市洋泾中学,740,否,50,407,146,121,141
浦东新区,上海市东昌东校,上海市高桥中学,721,否,50,389,122,131,142
浦东新区,上海市东昌东校,上海市川沙中学,726.5,否,50,395.5,116,136,136
浦东新区,上海市罗山中学,上海中学东校,741,否,50,408.5,138,128,138
浦东新区,上海市罗山中学,上海市建平中学,758,否,50,418,146,125,147
浦东新区,上海市罗山中学,上海市进才中学,751.5,否,50,412,134,135,143
浦东新区,上海市罗山中学,上海南汇中学,718,否,50,384.5,122,123,138
浦东新区,上海市罗山中学,上海市浦东复旦附中分校,765,否,50,426.5,144,138,143
浦东新区,上海市罗山中学,上海市洋泾中学,735.5,否,50,410.5,140,127,137
浦东新区,上海市罗山中学,上海市高桥中学,721.5,否,50,400,133,125,131
浦东新区,上海市罗山中学,上海市川沙中学,737,否,50,403,135,125,139
浦东新区,上海市金杨中学,上海中学东校,740,否,50,410,138,126,139
浦东新区,上海市金杨中学,上海市建平中学,756.5,否,50,418,148,127,145
浦东新区,上海市金杨中学,上海市进才中学,752.5,否,50,412.5,137,130,143
浦东新区,上海市金杨中学,上海南汇中学,715,否,50,395.5,132,123,131
浦东新区,上海市金杨中学,上海市浦东复旦附中分校,753,否,50,419,140,134,141
浦东新区,上海市金杨中学,上海市洋泾中学,747,否,50,408,140,126,142
浦东新区,上海市金杨中学,上海市高桥中学,739,否,50,406,117,141,136
浦东新区,上海市金杨中学,上海市川沙中学,747.5,否,50,412,145,127,142
浦东新区,上海市金川中学,上海中学东校,734,否,50,397,132,130,144
浦东新区,上海市金川中学,上海市建平中学,745.5,否,50,405.5,141,125,146
浦东新区,上海市金川中学,上海市进才中学,722.5,否,50,399.5,124,133,130
浦东新区,上海市金川中学,上海南汇中学,691,否,50,376.5,110,131,122
浦东新区,上海市金川中学,上海市浦东复旦附中分校,731.5,否,50,404.5,135,127,138
浦东新区,上海市金川中学,上海市洋泾中学,699,否,50,383,119,121,128
浦东新区,上海市金川中学,上海市高桥中学,704.5,否,50,370,113,126,139
浦东新区,上海市金川中学,上海市川沙中学,694.5,否,50,376.5,116,128,127
浦东新区,上海市华林中学,上海中学东校,738.5,否,50,404,146,119,143
浦东新区,上海市华林中学,上海市建平中学,744.5,否,50,409.5,139,129,143
浦东新区,上海市华林中学,上海市进才中学,748.5,否,50,413.5,150,118,143
浦东新区,上海市华林中学,华东师范大学第二附属中学,757.5,否,50,417.5,141,132,145
浦东新区,上海市华林中学,上海南汇中学,720.5,否,50,406,132,129,120
浦东新区,上海市华林中学,上海市浦东复旦附中分校,760,否,50,417,146,126,147
浦东新区,上海市华林中学,上海市洋泾中学,741.5,否,50,409.5,138,131,135
浦东新区,上海市华林中学,上海市高桥中学,726.5,否,50,399.5,122,131,131
浦东新区,上海市华林中学,上海市川沙中学,740.5,否,50,407.5,133,132,139
浦东新区,上海市孙桥中学,上海中学东校,728,否,50,401.5,129,133,136
浦东新区,上海市孙桥中学,上海市建平中学,702,否,50,378.5,121,123,137.5
浦东新区,上海市孙桥中学,上海市进才中学,751,否,50,415.5,144,131,140
浦东新区,上海市孙桥中学,华东师范大学第二附属中学,749,否,50,412,136,129,144
浦东新区,上海市孙桥中学,上海南汇中学,718,否,50,393,133,122,133
浦东新区,上海市孙桥中学,上海市浦东复旦附中分校,729,否,50,406.5,128,132,129
浦东新区,上海市孙桥中学,上海市洋泾中学,724,否,50,389.5,130,121,143
浦东新区,上海市孙桥中学,上海市高桥中学,713,否,50,394.5,125,125,128
浦东新区,上海市孙桥中学,上海市川沙中学,743.5,否,50,409,141,126,142
浦东新区,上海市育人中学,上海中学东校,737.5,否,50,407,136,126,141.5
浦东新区,上海市育人中学,上海市建平中学,734,否,50,397,129,133,143
浦东新区,上海市育人中学,上海市进才中学,746.5,否,50,409,146,121,144
浦东新区,上海市育人中学,华东师范大学第二附属中学,745.5,否,50,405.5,129,132,142
浦东新区,上海市育人中学,上海南汇中学,713.5,否,50,389,112,132,133
浦东新区,上海市育人中学,上海市浦东复旦附中分校,736,否,50,398,131,122,139
浦东新区,上海市育人中学,上海市洋泾中学,732.5,否,50,408.5,129,133,129
浦东新区,上海市育人中学,上海市高桥中学,723.5,否,50,397.5,128,130,136
浦东新区,上海市育人中学,上海市川沙中学,735,否,50,408.5,128,132,130
浦东新区,上海市东林中学,上海交通大学附属中学,732.5,否,50,413.5,139,131,136
浦东新区,上海市东林中学,上海中学东校,719.5,否,50,391.5,116,132,140
浦东新区,上海市东林中学,上海市建平中学,729.5,否,50,406.5,142,126,130
浦东新区,上海市东林中学,上海市进才中学,713,否,50,388.5,111,132,135
浦东新区,上海市东林中学,上海南汇中学,695.5,否,50,379.5,119,118,126
浦东新区,上海市东林中学,上海市浦东复旦附中分校,741.5,否,50,403,132,128,142
浦东新区,上海市东林中学,上海市洋泾中学,698.5,否,50,380,133,108,132
浦东新区,上海市东林中学,上海市高桥中学,705,否,50,390,124,121,128
浦东新区,上海市东林中学,上海市川沙中学,693.5,否,50,380.5,125,117,126
浦东新区,上海市施湾中学,上海交通大学附属中学,742.5,否,50,401.5,129,127,146
浦东新区,上海市施湾中学,上海中学东校,718.5,否,50,390,125,126,137
浦东新区,上海市施湾中学,上海市建平中学,703.5,否,50,380,124,113,133
浦东新区,上海市施湾中学,上海市进才中学,738,否,50,403.5,129,128,142
浦东新区,上海市施湾中学,上海南汇中学,700.5,否,50,381.5,129,118,128
浦东新区,上海市施湾中学,上海市浦东复旦附中分校,736,否,50,401.5,128,125,140
浦东新区,上海市施湾中学,上海市洋泾中学,700.5,否,50,382.5,118,127,124
浦东新区,上海市施湾中学,上海市高桥中学,688,否,50,379,107,133,114
浦东新区,上海市施湾中学,上海市川沙中学,719.5,否,50,389.5,110,133,138
浦东新区,上海市黄楼中学,上海中学东校,727,否,50,391.5,145,114,145
浦东新区,上海市黄楼中学,上海市建平中学,719.5,否,50,393.5,135,126,138
浦东新区,上海市黄楼中学,上海市进才中学,708,否,50,394,143,112,123
浦东新区,上海市黄楼中学,上海南汇中学,706,否,50,390.5,128,126,126
浦东新区,上海市黄楼中学,上海市浦东复旦附中分校,745,否,50,413.5,139,127,144
浦东新区,上海市黄楼中学,上海市洋泾中学,713.5,否,50,406.5,143,128,121
浦东新区,上海市黄楼中学,上海市高桥中学,683.5,否,50,382,121,126,118
浦东新区,上海市黄楼中学,上海市川沙中学,684,否,50,368.5,111,116,121
浦东新区,上海市黄楼中学,上海市实验学校,724.5,否,50,393.5,124,132,138
浦东新区,上海市王港中学,上海中学东校,742.5,否,50,404.5,128,134,142
浦东新区,上海市王港中学,上海市建平中学,745.5,否,50,412,146,123,140
浦东新区,上海市王港中学,上海市进才中学,755,否,50,417.5,142,135,143
浦东新区,上海市王港中学,上海南汇中学,729,否,50,393,133,126,140
浦东新区,上海市王港中学,上海市浦东复旦附中分校,743.5,否,50,407.5,137,129,141
浦东新区,上海市王港中学,上海市洋泾中学,722,否,50,388,122,124,139
浦东新区,上海市王港中学,上海市高桥中学,726,否,50,390,121,124,138
浦东新区,上海市王港中学,上海市川沙中学,738.5,否,50,405.5,140,123,141
浦东新区,上海市王港中学,上海市实验学校,745.5,否,50,403.5,137,125,147
浦东新区,上海市杨园中学,上海交通大学附属中学,764,否,50,427,146,134,142
浦东新区,上海市杨园中学,上海中学东校,753,否,50,409,138,129,147
浦东新区,上海市杨园中学,上海市建平中学,756,否,50,423,141,136,141
浦东新区,上海市杨园中学,上海市进才中学,745,否,50,411,143,124,144
浦东新区,上海市杨园中学,上海南汇中学,734.5,否,50,404.5,137,126,133
浦东新区,上海市杨园中学,上海市浦东复旦附中分校,757,否,50,418,143,132,143
浦东新区,上海市杨园中学,上海市洋泾中学,735.5,否,50,403.5,135,122,143
浦东新区,上海市杨园中学,上海市高桥中学,727.5,否,50,394,127,125,140
浦东新区,上海市杨园中学,上海市川沙中学,735,否,50,407,133,127,132
浦东新区,上海市东沟中学,复旦大学附属中学,761.5,否,50,416.5,144,127,146
浦东新区,上海市东沟中学,上海中学东校,722.5,否,50,387.5,122,120,139
浦东新区,上海市东沟中学,上海市建平中学,753,否,50,420,145,130,140
浦东新区,上海市东沟中学,上海市进才中学,731.5,否,50,396,129,130,142
浦东新区,上海市东沟中学,上海南汇中学,707,否,50,375,117,121,134
浦东新区,上海市东沟中学,上海市浦东复旦附中分校,744,否,50,407,135,130,146
浦东新区,上海市东沟中学,上海市洋泾中学,731,否,50,397,134,121,136
浦东新区,上海市东沟中学,上海市高桥中学,708.5,否,50,386,127,125,133
浦东新区,上海市东沟中学,上海市川沙中学,720.5,否,50,392,122,129,135
浦东新区,上海师范大学附属高桥实验中学,复旦大学附属中学,760.5,否,50,422.5,146,131,141
浦东新区,上海师范大学附属高桥实验中学,上海中学东校,745.5,否,50,402.5,135,125,147
浦东新区,上海师范大学附属高桥实验中学,上海市建平中学,750.5,否,50,414.5,142,127,141
浦东新区,上海师范大学附属高桥实验中学,上海市进才中学,750,否,50,417,148,127,138
浦东新区,上海师范大学附属高桥实验中学,上海南汇中学,714,否,50,386.5,120,129,134
浦东新区,上海师范大学附属高桥实验中学,上海市浦东复旦附中分校,757,否,50,417,135,137,142
浦东新区,上海师范大学附属高桥实验中学,上海市洋泾中学,739,否,50,405.5,138,127,144
浦东新区,上海师范大学附属高桥实验中学,上海市高桥中学,738,否,50,408,142,126,136
浦东新区,上海师范大学附属高桥实验中学,上海市川沙中学,739,否,50,412.5,138,131,141
浦东新区,上海市凌桥中学,上海中学东校,715,否,50,390,142,124,135
浦东新区,上海市凌桥中学,上海市建平中学,737.5,否,50,409.5,140,124,135
浦东新区,上海市凌桥中学,上海市进才中学,726.5,否,50,395,138,116,139
浦东新区,上海市凌桥中学,上海南汇中学,722.5,否,50,397,135,122,139
浦东新区,上海市凌桥中学,上海市浦东复旦附中分校,742,否,50,403,133,128,145
浦东新区,上海市凌桥中学,上海师范大学附属中学,737,否,50,406,122,137,137
浦东新区,上海市凌桥中学,上海市洋泾中学,709.5,否,50,385.5,112,131,137
浦东新区,上海市凌桥中学,上海市高桥中学,727,否,50,394.5,131,127,141
浦东新区,上海市凌桥中学,上海市川沙中学,732,否,50,394,126,128,145
浦东新区,上海市顾路中学,上海市上海中学,754,否,50,415,134,134,144
浦东新区,上海市顾路中学,上海中学东校,734,否,50,405.5,136,124,134
浦东新区,上海市顾路中学,上海市建平中学,742.5,否,50,401.5,124,131,144
浦东新区,上海市顾路中学,上海市进才中学,746,否,50,415.5,141,127,136
浦东新区,上海市顾路中学,上海南汇中学,724,否,50,386.5,125,121,142
浦东新区,上海市顾路中学,上海市浦东复旦附中分校,750,否,50,414,136,131,144
浦东新区,上海市顾路中学,上海市洋泾中学,739.5,否,50,409,140,130,138
浦东新区,上海市顾路中学,上海市高桥中学,722.5,否,50,393,139,120,136
浦东新区,上海市顾路中学,上海市川沙中学,732,否,50,396.5,134,120,138
浦东新区,上海市浦东模范中学,上海中学东校,747.5,否,50,408.5,133,129,146
浦东新区,上海市浦东模范中学,上海市建平中学,758.5,否,50,419.5,146,126,144
浦东新区,上海市浦东模范中学,上海市进才中学,754.5,否,50,420.5,132,141,140
浦东新区,上海市浦东模范中学,华东师范大学第二附属中学,764,否,50,424,143,135,142
浦东新区,上海市浦东模范中学,上海南汇中学,723.5,否,50,394.5,135,119,137
浦东新区,上海市浦东模范中学,上海市浦东复旦附中分校,752,否,50,412,136,134,144
浦东新区,上海市浦东模范中学,上海市洋泾中学,746,否,50,408,141,125,142
浦东新区,上海市浦东模范中学,上海市高桥中学,734,否,50,399,128,128,142
浦东新区,上海市浦东模范中学,上海市川沙中学,745.5,否,50,407.5,141,126,144
浦东新区,上海市川沙中学华夏西校,复旦大学附属中学,765.5,否,50,423,146,135,149
浦东新区,上海市川沙中学华夏西校,上海中学东校,750,否,50,413.5,142,128,143
浦东新区,上海市川沙中学华夏西校,上海市建平中学,758.5,否,50,420,146,129,144
浦东新区,上海市川沙中学华夏西校,上海市进才中学,752,否,50,417.5,146,126,143
浦东新区,上海市川沙中学华夏西校,上海南汇中学,732,否,50,405,127,135,131
浦东新区,上海市川沙中学华夏西校,上海市浦东复旦附中分校,761.5,否,50,423,150,127,147
浦东新区,上海市川沙中学华夏西校,上海市洋泾中学,739.5,否,50,398.5,142,119,146
浦东新区,上海市川沙中学华夏西校,上海市高桥中学,727.5,否,50,402.5,133,128,137
浦东新区,上海市川沙中学华夏西校,上海市川沙中学,746,否,50,411.5,142,127,144
浦东新区,上海市陆行中学北校,上海中学东校,736.5,否,50,409.5,142,127,136.5
浦东新区,上海市陆行中学北校,上海市建平中学,744.5,否,50,402.5,135,126,145
浦东新区,上海市陆行中学北校,上海市进才中学,749.5,否,50,415,142,134,141
浦东新区,上海市陆行中学北校,上海南汇中学,723.5,否,50,397,125,132,133
浦东新区,上海市陆行中学北校,上海市浦东复旦附中分校,705.5,否,50,381,114,119,135
浦东新区,上海市陆行中学北校,上海师范大学附属中学,731.5,否,50,393,132,124,146
浦东新区,上海市陆行中学北校,上海市洋泾中学,723.5,否,50,397.5,131,126,133
浦东新区,上海市陆行中学北校,上海市高桥中学,727.5,否,50,396,128,126,137
浦东新区,上海市陆行中学北校,上海市川沙中学,724.5,否,50,400.5,128,134,131
浦东新区,上海市致远中学,上海中学东校,760.5,否,50,417.5,139,133,147
浦东新区,上海市致远中学,上海市建平中学,752,否,50,416,145,126,141
浦东新区,上海市致远中学,上海市进才中学,755,否,50,423,138,139,141
浦东新区,上海市致远中学,上海南汇中学,728.5,否,50,394.5,131,128,143
浦东新区,上海市致远中学,上海市浦东复旦附中分校,762.5,否,50,414.5,146,125,145
浦东新区,上海市致远中学,上海师范大学附属中学,746,否,50,407,121,138,140
浦东新区,上海市致远中学,上海市洋泾中学,744.5,否,50,408,138,125,148
浦东新区,上海市致远中学,上海市高桥中学,743,否,50,404,133,130,145
浦东新区,上海市致远中学,上海市川沙中学,746.5,否,50,409.5,145,122,145
浦东新区,上海市浦东新区进才实验中学南,上海中学东校,745,否,50,407,139,123,143
浦东新区,上海市浦东新区进才实验中学南,上海市建平中学,757.5,否,50,420.5,141,131,141
浦东新区,上海市浦东新区进才实验中学南,上海市进才中学,754.5,否,50,420.5,142,131,140
浦东新区,上海市浦东新区进才实验中学南,上海南汇中学,727,否,50,403,124,130,128
浦东新区,上海市浦东新区进才实验中学南,上海市浦东复旦附中分校,760,否,50,419,141,132,144
浦东新区,上海市浦东新区进才实验中学南,上海师范大学附属中学,753.5,否,50,415,145,124,145
浦东新区,上海市浦东新区进才实验中学南,上海市洋泾中学,736.5,否,50,406,140,120,137
浦东新区,上海市浦东新区进才实验中学南,上海市高桥中学,730,否,50,403.5,133,131,129
浦东新区,上海市浦东新区进才实验中学南,上海市川沙中学,728.5,否,50,402,130,127,137
浦东新区,上海市蔡路中学,上海中学东校,750.5,否,50,407.5,131,131,144
浦东新区,上海市蔡路中学,上海市建平中学,753,否,50,408.5,134,127,147
浦东新区,上海市蔡路中学,上海市进才中学,747,否,50,410,137,128,141
浦东新区,上海市蔡路中学,上海南汇中学,703.5,否,50,374.5,109,128,135
浦东新区,上海市蔡路中学,上海市浦东复旦附中分校,752,否,50,416,142,129,143
浦东新区,上海市蔡路中学,上海师范大学附属中学,690,否,50,374,117,125,121
浦东新区,上海市蔡路中学,上海市洋泾中学,722,否,50,394.5,119,129,131
浦东新区,上海市蔡路中学,上海市高桥中学,725.5,否,50,391,140,129,141
浦东新区,上海市蔡路中学,上海市川沙中学,727.5,否,50,399.5,134,126,133
浦东新区,上海市六团中学,上海中学东校,694.5,否,50,367.5,112,128,136
浦东新区,上海市六团中学,上海市建平中学,694,否,50,379,107,129,125
浦东新区,上海市六团中学,上海市进才中学,716.5,否,50,396,135,126,135
浦东新区,上海市六团中学,华东师范大学第二附属中学,713,否,50,394,131,121,134
浦东新区,上海市六团中学,上海南汇中学,684.5,否,50,379.5,115,122,119
浦东新区,上海市六团中学,上海市川沙中学,678.5,否,50,354,117,113,139
浦东新区,上海戏剧学院附属浦东实验中学,上海中学东校,732.5,否,50,406,134,126,136
浦东新区,上海戏剧学院附属浦东实验中学,上海市建平中学,742.5,否,50,414,146,119,136
浦东新区,上海戏剧学院附属浦东实验中学,上海市进才中学,722.5,否,50,399.5,136,122,129
浦东新区,上海戏剧学院附属浦东实验中学,上海南汇中学,729.5,否,50,404,135,124,137
浦东新区,上海戏剧学院附属浦东实验中学,上海市浦东复旦附中分校,757.5,否,50,422.5,145,130,142
浦东新区,上海戏剧学院附属浦东实验中学,上海师范大学附属中学,719.5,否,50,394.5,129,122,137.5
浦东新区,上海戏剧学院附属浦东实验中学,上海市洋泾中学,733.5,否,50,399.5,129,125,139
浦东新区,上海戏剧学院附属浦东实验中学,上海市高桥中学,709.5,否,50,392.5,118,128,128
浦东新区,上海戏剧学院附属浦东实验中学,上海市川沙中学,738,否,50,408.5,132,128,136
浦东新区,上海市浦兴中学,上海中学东校,744.5,否,50,409,139,130,142
浦东新区,上海市浦兴中学,上海市建平中学,752.5,否,50,418,141,134,141
浦东新区,上海市浦兴中学,上海市进才中学,744.5,否,50,404.5,140,124,143
浦东新区,上海市浦兴中学,上海南汇中学,720,否,50,389,128,120,136
浦东新区,上海市浦兴中学,上海市浦东复旦附中分校,760.5,否,50,422,150,126,144
浦东新区,上海市浦兴中学,上海市洋泾中学,733.5,否,50,397.5,122,130,140
浦东新区,上海市浦兴中学,上海市高桥中学,731.5,否,50,398.5,134,125,143
浦东新区,上海市浦兴中学,上海市川沙中学,741,否,50,414,142,128,139
浦东新区,上海浦东新区民办恒洋外国语学,上海中学东校,745.5,否,50,413.5,143,128,141
浦东新区,上海浦东新区民办恒洋外国语学,上海市建平中学,751,否,50,414,141,125,142
浦东新区,上海浦东新区民办恒洋外国语学,上海市进才中学,750.5,否,50,419,144,129,143
浦东新区,上海浦东新区民办恒洋外国语学,华东师范大学第二附属中学,766,否,50,421.5,146,136,150
浦东新区,上海浦东新区民办恒洋外国语学,上海南汇中学,724,否,50,394,126,129,137
浦东新区,上海浦东新区民办恒洋外国语学,上海市浦东复旦附中分校,754.5,否,50,413,142,128,147
浦东新区,上海浦东新区民办恒洋外国语学,上海市洋泾中学,729.5,否,50,400,139,124,138
浦东新区,上海浦东新区民办恒洋外国语学,上海市高桥中学,726.5,否,50,400.5,142,125,137
浦东新区,上海浦东新区民办恒洋外国语学,上海市川沙中学,728.5,否,50,393.5,133,122,146
浦东新区,上海浦东新区民办欣竹中学,上海市上海中学,764.5,否,50,423,144,133,146
浦东新区,上海浦东新区民办欣竹中学,上海中学东校,753,否,50,409,127,134,148
浦东新区,上海浦东新区民办欣竹中学,上海市建平中学,756.5,否,50,424.5,142,135,138
浦东新区,上海浦东新区民办欣竹中学,上海市进才中学,753,否,50,413.5,130,136,143
浦东新区,上海浦东新区民办欣竹中学,上海南汇中学,734.5,否,50,398.5,126,127,138
浦东新区,上海浦东新区民办欣竹中学,上海市浦东复旦附中分校,758,否,50,421,144,131,142
浦东新区,上海浦东新区民办欣竹中学,上海市洋泾中学,744,否,50,411,139,124,140
浦东新区,上海浦东新区民办欣竹中学,上海市高桥中学,732.5,否,50,399,134,121,140
浦东新区,上海浦东新区民办欣竹中学,上海市川沙中学,743.5,否,50,403.5,127,131,146
浦东新区,上海市新云台中学,上海中学东校,722.5,否,50,392.5,119,127,141
浦东新区,上海市新云台中学,上海市建平中学,731.5,否,50,404.5,137,122,137
浦东新区,上海市新云台中学,上海市进才中学,718.5,否,50,387.5,127,114,134
浦东新区,上海市新云台中学,华东师范大学第二附属中学,758.5,否,50,418.5,144,130,144
浦东新区,上海市新云台中学,上海南汇中学,706.5,否,50,388,135,122,132.5
浦东新区,上海市新云台中学,上海市浦东复旦附中分校,749.5,否,50,414.5,139,132,142
浦东新区,上海市新云台中学,上海市洋泾中学,724.5,否,50,397,135,120,139
浦东新区,上海市新云台中学,上海市高桥中学,708.5,否,50,386,122,127,129.5
浦东新区,上海市新云台中学,上海市川沙中学,688.5,否,50,366,106,120,133
浦东新区,上海市陆行中学南校,复旦大学附属中学,688.5,否,50,375,108,124,121
浦东新区,上海市陆行中学南校,上海中学东校,755,否,50,414,143,130,144
浦东新区,上海市陆行中学南校,上海市建平中学,736,否,50,408,137,130,135
浦东新区,上海市陆行中学南校,上海市进才中学,739.5,否,50,408,132,133,135
浦东新区,上海市陆行中学南校,上海南汇中学,722,否,50,394,134,124,132
浦东新区,上海市陆行中学南校,上海市浦东复旦附中分校,756.5,否,50,416,140,127,142
浦东新区,上海市陆行中学南校,上海市洋泾中学,739,否,50,407.5,133,129,137
浦东新区,上海市陆行中学南校,上海市高桥中学,726.5,否,50,394.5,121,127,137
浦东新区,上海市陆行中学南校,上海市川沙中学,735,否,50,406.5,130,133,136
浦东新区,上海市杨思中学,上海中学东校,746,否,50,401,128,133,146
浦东新区,上海市杨思中学,上海市建平中学,754.5,否,50,419,144,129,146
浦东新区,上海市杨思中学,上海市进才中学,741.5,否,50,406.5,130,131,141.5
浦东新区,上海市杨思中学,上海南汇中学,726,否,50,389.5,126,122,142
浦东新区,上海市杨思中学,上海市浦东复旦附中分校,759,否,50,421.5,147,128,144
浦东新区,上海市杨思中学,上海市洋泾中学,739.5,否,50,407,136,127,144
浦东新区,上海市杨思中学,上海市高桥中学,721,否,50,390.5,124,124,135
浦东新区,上海市杨思中学,上海市川沙中学,735,否,50,408.5,137,123,134
浦东新区,上海民办浦东交中初级中学,上海中学东校,751,否,50,416,150,119,143
浦东新区,上海民办浦东交中初级中学,上海市建平中学,761,否,50,419,143,132,144
浦东新区,上海民办浦东交中初级中学,上海市进才中学,752,否,50,415,139,129,146
浦东新区,上海民办浦东交中初级中学,上海南汇中学,732.5,否,50,395.5,124,125,143
浦东新区,上海民办浦东交中初级中学,上海市浦东复旦附中分校,763.5,否,50,424.5,146,130,147
浦东新区,上海民办浦东交中初级中学,上海师范大学附属中学,747,否,50,413,138,134,139
浦东新区,上海民办浦东交中初级中学,上海市洋泾中学,740,否,50,404,143,120,145
浦东新区,上海民办浦东交中初级中学,上海市高桥中学,723,否,50,401,129,129,127
浦东新区,上海民办浦东交中初级中学,上海市川沙中学,743,否,50,406,137,125,146
浦东新区,上海市建平香梅中学,上海市上海中学,766.5,否,50,425.5,146,136,144
浦东新区,上海市建平香梅中学,上海中学东校,753.5,否,50,415.5,146,130,144
浦东新区,上海市建平香梅中学,上海市建平中学,760,否,50,418.5,145,128,146
浦东新区,上海市建平香梅中学,上海市进才中学,756,否,50,419,142,130,144
浦东新区,上海市建平香梅中学,上海南汇中学,729,否,50,401,132,127,134
浦东新区,上海市建平香梅中学,上海市浦东复旦附中分校,765,否,50,428,146,137,139
浦东新区,上海市建平香梅中学,上海市洋泾中学,744.5,否,50,415,139,132,137
浦东新区,上海市建平香梅中学,上海市高桥中学,733,否,50,399.5,130,123,141
浦东新区,上海市建平香梅中学,上海市川沙中学,737,否,50,399,132,122,142
浦东新区,上海市南汇第二中学,上海中学东校,752.5,否,50,415,132,139,141
浦东新区,上海市南汇第二中学,上海市建平中学,757.5,否,50,421.5,143,133,141
浦东新区,上海市南汇第二中学,上海市进才中学,751,否,50,414.5,144,128,142
浦东新区,上海市南汇第二中学,上海南汇中学,738.5,否,50,410.5,136,132,136
浦东新区,上海市南汇第二中学,上海市浦东复旦附中分校,761.5,否,50,421.5,147,130,144
浦东新区,上海市南汇第二中学,上海市洋泾中学,734,否,50,401,127,128,137
浦东新区,上海市南汇第二中学,上海市高桥中学,725.5,否,50,392.5,132,122,135
浦东新区,上海市南汇第二中学,上海市川沙中学,745,否,50,413,146,123,141
浦东新区,上海市南汇第三中学,上海中学东校,746,否,50,414.5,144,125,138
浦东新区,上海市南汇第三中学,上海市建平中学,740.5,否,50,403.5,136,126,143
浦东新区,上海市南汇第三中学,上海市进才中学,752.5,否,50,416.5,141,131,142
浦东新区,上海市南汇第三中学,华东师范大学第二附属中学,757,否,50,418.5,141,129,144
浦东新区,上海市南汇第三中学,上海南汇中学,734,否,50,407.5,142,123,136.5
浦东新区,上海市南汇第三中学,上海市浦东复旦附中分校,761.5,否,50,418.5,141,133,146
浦东新区,上海市南汇第三中学,上海市洋泾中学,729.5,否,50,401.5,136,133,139
浦东新区,上海市南汇第三中学,上海市高桥中学,723,否,50,399,128,128,136
浦东新区,上海市南汇第三中学,上海市川沙中学,739.5,否,50,403,136,125,143
浦东新区,上海市书院中学,上海交通大学附属中学,735,否,50,414.5,137,132,127
浦东新区,上海市书院中学,上海中学东校,706,否,50,382,113,123,129
浦东新区,上海市书院中学,上海市建平中学,695,否,50,382,128,119,124
浦东新区,上海市书院中学,上海市进才中学,711.5,否,50,386,122,124,133
浦东新区,上海市书院中学,上海南汇中学,718.5,否,50,395,126,130,133
浦东新区,上海市书院中学,上海市浦东复旦附中分校,723,否,50,396.5,136,121,136
浦东新区,上海市书院中学,上海市洋泾中学,706.5,否,50,385,136,121,132
浦东新区,上海市书院中学,上海市高桥中学,696,否,50,378,132,123,127
浦东新区,上海市书院中学,上海市川沙中学,670.5,否,50,360.5,118,114,121.5
浦东新区,上海市书院中学,华东师范大学第二附属中学临港奉贤分校,698.5,否,50,383.5,122,120,126
浦东新区,上海市大团中学,上海中学东校,747,否,50,405,133,129,146
浦东新区,上海市大团中学,上海市建平中学,755.5,否,50,413.5,142,128,146
浦东新区,上海市大团中学,上海市进才中学,751,否,50,417,140,136,143
浦东新区,上海市大团中学,上海南汇中学,697.5,否,50,392,134,120,118
浦东新区,上海市大团中学,上海市浦东复旦附中分校,749,否,50,410.5,133,137,145
浦东新区,上海市大团中学,上海市洋泾中学,722,否,50,392,132,123,135
浦东新区,上海市大团中学,上海市高桥中学,690,否,50,366,121,110,134
浦东新区,上海市大团中学,上海市川沙中学,714.5,否,50,389.5,128,118,134
浦东新区,上海市大团中学,华东师范大学第二附属中学临港奉贤分校,696,否,50,378,114,124,133
浦东新区,上海市坦直中学,上海中学东校,686.5,否,50,367.5,114,121,132
浦东新区,上海市坦直中学,上海市建平中学,709.5,否,50,377.5,130,121,141
浦东新区,上海市坦直中学,上海市进才中学,699.5,否,50,375,113,121,137
浦东新区,上海市坦直中学,上海南汇中学,690,否,50,381.5,124,123,115
浦东新区,上海市坦直中学,上海市浦东复旦附中分校,740,否,50,411,141,128,135
浦东新区,上海市坦直中学,上海市洋泾中学,685.5,否,50,366,114,118,132
浦东新区,上海市坦直中学,上海市高桥中学,689.5,否,50,369.5,106,125,128
浦东新区,上海市傅雷中学,上海中学东校,747,否,50,414,135,136,135
浦东新区,上海市傅雷中学,上海市建平中学,757,否,50,417.5,143,128,146
浦东新区,上海市傅雷中学,上海市进才中学,752,否,50,413,144,125,144
浦东新区,上海市傅雷中学,上海南汇中学,729,否,50,403,134,129,129
浦东新区,上海市傅雷中学,上海市浦东复旦附中分校,765.5,否,50,421.5,146,131,147
浦东新区,上海市傅雷中学,上海市洋泾中学,740.5,否,50,404.5,133,134,140
浦东新区,上海市傅雷中学,上海市高桥中学,727,否,50,396.5,133,123,138
浦东新区,上海市傅雷中学,上海市川沙中学,744,否,50,407,133,129,141
浦东新区,上海市澧溪中学,上海中学东校,749.5,否,50,412.5,143,128,145
浦东新区,上海市澧溪中学,上海市建平中学,752,否,50,413,147,124,147
浦东新区,上海市澧溪中学,上海市进才中学,752,否,50,414,146,125,145
浦东新区,上海市澧溪中学,上海南汇中学,731,否,50,398,137,118,138
浦东新区,上海市澧溪中学,上海市浦东复旦附中分校,760,否,50,422.5,146,136,142
浦东新区,上海市澧溪中学,上海市洋泾中学,734,否,50,403,132,129,137
浦东新区,上海市澧溪中学,上海市高桥中学,722,否,50,393.5,127,122,138
浦东新区,上海市澧溪中学,上海市川沙中学,744,否,50,411,129,140,138
浦东新区,上海市澧溪中学,上海市实验学校,758,否,50,426.5,142,137,135
浦东新区,上海市六灶中学,上海中学东校,738,否,50,411,132,135,140
浦东新区,上海市六灶中学,上海市建平中学,742.5,否,50,412,136,130,141
浦东新区,上海市六灶中学,上海市进才中学,731,否,50,395.5,113,136,141
浦东新区,上海市六灶中学,上海南汇中学,715,否,50,389,130,119,135
浦东新区,上海市六灶中学,上海市浦东复旦附中分校,755.5,否,50,420.5,146,131,143
浦东新区,上海市六灶中学,上海师范大学附属中学,718,否,50,395,119,136,136
浦东新区,上海市六灶中学,上海市洋泾中学,721,否,50,398,133,124,131
浦东新区,上海市六灶中学,上海市高桥中学,719.5,否,50,394,125,128,136
浦东新区,上海市六灶中学,上海市川沙中学,720.5,否,50,399,137,117,136
浦东新区,上海市浦东教育发展研究院附属中学,复旦大学附属中学,740,否,50,408,144,119,142
浦东新区,上海市浦东教育发展研究院附属中学,上海市进才中学,724,否,50,401,135,120,132
浦东新区,上海市浦东教育发展研究院附属中学,上海南汇中学,700.5,否,50,388,121,125,126
浦东新区,上海市浦东教育发展研究院附属中学,上海市浦东复旦附中分校,680,否,50,365.5,107,123,126
浦东新区,上海市浦东教育发展研究院附属中学,上海市高桥中学,680.5,否,50,364,108,117,130
浦东新区,上海市南汇第四中学,上海中学东校,754,否,50,413,146,127,143
浦东新区,上海市南汇第四中学,上海市建平中学,754,否,50,421.5,144,131,138
浦东新区,上海市南汇第四中学,上海市进才中学,752,否,50,412,138,133,142
浦东新区,上海市南汇第四中学,上海南汇中学,735,否,50,396,123,132,144
浦东新区,上海市南汇第四中学,上海市浦东复旦附中分校,763,否,50,426.5,146,132,142
浦东新区,上海市南汇第四中学,上海市洋泾中学,739.5,否,50,414,144,129,135
浦东新区,上海市南汇第四中学,上海市高桥中学,730,否,50,408,129,133,133
浦东新区,上海市南汇第四中学,上海市川沙中学,741.5,否,50,411.5,136,133,136
浦东新区,上海中学东校,上海中学东校,759,否,50,422.5,139,135,142
浦东新区,上海中学东校,上海市建平中学,758.5,否,50,419,145,127,145
浦东新区,上海中学东校,上海市进才中学,752.5,否,50,417,140,129,140
浦东新区,上海中学东校,华东师范大学第二附属中学,765,否,50,424,141,135,147
浦东新区,上海中学东校,上海南汇中学,727.5,否,50,399,123,133,132
浦东新区,上海中学东校,上海市浦东复旦附中分校,765,否,50,423,146,131,147
浦东新区,上海中学东校,上海市洋泾中学,737,否,50,401.5,123,136,140
浦东新区,上海中学东校,上海市高桥中学,726,否,50,405,128,131,128
浦东新区,上海中学东校,上海市川沙中学,746.5,否,50,411,130,134,141
浦东新区,上海中学东校,华东师范大学第二附属中学临港奉贤分校,740,否,50,414.5,136,131,130
浦东新区,上海市浦东模范中学东校,上海市上海中学,762.5,否,50,422.5,143,133,142
浦东新区,上海市浦东模范中学东校,上海中学东校,740,否,50,410,142,126,137
浦东新区,上海市浦东模范中学东校,上海市建平中学,752,否,50,422.5,144,133,137
浦东新区,上海市浦东模范中学东校,上海市进才中学,733.5,否,50,409.5,147,119,132
浦东新区,上海市浦东模范中学东校,上海南汇中学,725,否,50,405,137,129,131
浦东新区,上海市浦东模范中学东校,上海市浦东复旦附中分校,754,否,50,418,146,129,138
浦东新区,上海市浦东模范中学东校,上海市洋泾中学,737.5,否,50,404,127,132,142
浦东新区,上海市浦东模范中学东校,上海市高桥中学,735,否,50,403,140,120,140
浦东新区,上海市浦东模范中学东校,上海市川沙中学,735.5,否,50,401,130,128,143
浦东新区,上海市北蔡中学,上海中学东校,747.5,否,50,410,146,120,143
浦东新区,上海市北蔡中学,上海市建平中学,753.5,否,50,409.5,140,130,148
浦东新区,上海市北蔡中学,上海市进才中学,751.5,否,50,411.5,141,129,145
浦东新区,上海市北蔡中学,上海南汇中学,726.5,否,50,390.5,127,125,138
浦东新区,上海市北蔡中学,上海市浦东复旦附中分校,755,否,50,413,143,127,145
浦东新区,上海市北蔡中学,上海师范大学附属中学,741.5,否,50,405,125,133,142
浦东新区,上海市北蔡中学,上海市洋泾中学,741.5,否,50,411.5,134,135,133
浦东新区,上海市北蔡中学,上海市高桥中学,731.5,否,50,402.5,141,119,137
浦东新区,上海市北蔡中学,上海市川沙中学,742,否,50,408,139,126,142
浦东新区,上海市临港第一中学,上海中学东校,748.5,否,50,409.5,144,123,144
浦东新区,上海市临港第一中学,上海市建平中学,755.5,否,50,413.5,141,128,146
浦东新区,上海市临港第一中学,上海市进才中学,752.5,否,50,416,136,137,145
浦东新区,上海市临港第一中学,上海南汇中学,737.5,否,50,409.5,138,131,132
浦东新区,上海市临港第一中学,上海市浦东复旦附中分校,763.5,否,50,427.5,138,142,144
浦东新区,上海市临港第一中学,上海市洋泾中学,740.5,否,50,404.5,139,123,140
浦东新区,上海市临港第一中学,上海市高桥中学,713.5,否,50,390,131,125,136
浦东新区,上海市临港第一中学,上海市川沙中学,735.5,否,50,397.5,131,123,144
浦东新区,上海市临港第一中学,华东师范大学第二附属中学临港奉贤分校,738,否,50,412,136,132,133
浦东新区,上海民办光华中学,上海中学东校,723.5,否,50,385,125,120,147
浦东新区,上海民办光华中学,上海市建平中学,752.5,否,50,416.5,144,129,141
浦东新区,上海民办光华中学,上海市进才中学,749.5,否,50,413,136,131,144
浦东新区,上海民办光华中学,上海南汇中学,698,否,50,389,121,122,121.5
浦东新区,上海民办光华中学,上海市浦东复旦附中分校,738,否,50,405,141,122,139
浦东新区,上海民办光华中学,上海市洋泾中学,703.5,否,50,383,117,122,132
浦东新区,上海民办光华中学,上海市高桥中学,707.5,否,50,387.5,126,124,128
浦东新区,上海民办光华中学,上海市川沙中学,719.5,否,50,385,131,114,139
浦东新区,上海民办光华中学,上海市实验学校,706,否,50,383.5,133,114,137
浦东新区,上海市南汇第五中学,上海中学东校,743,否,50,407.5,137,127,139
浦东新区,上海市南汇第五中学,上海市建平中学,735.5,否,50,400,135,129,143
浦东新区,上海市南汇第五中学,上海市进才中学,728,否,50,396,128,125,140
浦东新区,上海市南汇第五中学,上海南汇中学,752,否,50,412.5,137,131,146
浦东新区,上海市南汇第五中学,上海市浦东复旦附中分校,746,否,50,412,146,120,142
浦东新区,上海市南汇第五中学,上海市洋泾中学,742,否,50,421.5,141,138,128
浦东新区,上海市南汇第五中学,上海市高桥中学,684.5,否,50,385.5,118,128,117
浦东新区,上海市南汇第五中学,上海市川沙中学,729,否,50,397,123,129,139
浦东新区,上海市浦东新区进才中学南校,上海中学东校,749,否,50,412,146,126,146
浦东新区,上海市浦东新区进才中学南校,上海市建平中学,747.5,否,50,415,144,127,143
浦东新区,上海市浦东新区进才中学南校,上海市进才中学,748,否,50,414,134,135,142
浦东新区,上海市浦东新区进才中学南校,华东师范大学第二附属中学,763,否,50,419,144,129,147
浦东新区,上海市浦东新区进才中学南校,上海南汇中学,730,否,50,395,126,131,141
浦东新区,上海市浦东新区进才中学南校,上海市浦东复旦附中分校,752.5,否,50,417,139,136,143
浦东新区,上海市浦东新区进才中学南校,上海市洋泾中学,736.5,否,50,403,132,129,136
浦东新区,上海市浦东新区进才中学南校,上海市高桥中学,723.5,否,50,389.5,134,118,140
浦东新区,上海市浦东新区进才中学南校,上海市川沙中学,741.5,否,50,408,138,125,139
浦东新区,上海市临港实验中学,上海中学东校,750.5,否,50,417.5,144,129,142
浦东新区,上海市临港实验中学,上海市建平中学,754.5,否,50,414,139,130,146
浦东新区,上海市临港实验中学,上海市进才中学,750,否,50,413,139,133,142
浦东新区,上海市临港实验中学,上海南汇中学,733,否,50,399.5,138,123,142
浦东新区,上海市临港实验中学,上海市浦东复旦附中分校,761.5,否,50,421.5,143,136,148
浦东新区,上海市临港实验中学,上海师范大学附属中学,749.5,否,50,411.5,127,139,142
浦东新区,上海市临港实验中学,上海市洋泾中学,735,否,50,403.5,126,133,138
浦东新区,上海市临港实验中学,上海市高桥中学,732,否,50,395,131,120,141
浦东新区,上海市临港实验中学,上海市川沙中学,746.5,否,50,407.5,128,134,144
浦东新区,上海市临港实验中学,华东师范大学第二附属中学临港奉贤分校,738.5,否,50,405.5,132,131,138
浦东新区,上海市浦东新区进才中学东校,上海中学东校,740,否,50,408.5,143,123,138
浦东新区,上海市浦东新区进才中学东校,上海市建平中学,754.5,否,50,412.5,138,130,145
浦东新区,上海市浦东新区进才中学东校,上海市进才中学,751,否,50,410,136,131,146
浦东新区,上海市浦东新区进才中学东校,上海南汇中学,733,否,50,398,135,125,143
浦东新区,上海市浦东新区进才中学东校,上海市浦东复旦附中分校,759.5,否,50,421.5,143,134,142
浦东新区,上海市浦东新区进才中学东校,上海市洋泾中学,745.5,否,50,416.5,130,141,134
浦东新区,上海市浦东新区进才中学东校,上海市高桥中学,729.5,否,50,396,129,126,137.5
浦东新区,上海市浦东新区进才中学东校,上海市川沙中学,744.5,否,50,414.5,133,135,133
浦东新区,上海市浦东外国语学校东校,上海中学东校,740.5,否,50,409,135,129,142
浦东新区,上海市浦东外国语学校东校,上海市建平中学,694,否,50,380,117,124,125
浦东新区,上海市浦东外国语学校东校,上海市进才中学,745,否,50,414,138,130,136
浦东新区,上海市浦东外国语学校东校,华东师范大学第二附属中学,740,否,50,402,142,116,143
浦东新区,上海市浦东外国语学校东校,上海南汇中学,705.5,否,50,390.5,123,127,126
浦东新区,上海市浦东外国语学校东校,上海市浦东复旦附中分校,754,否,50,412.5,142,132,148
浦东新区,上海市浦东外国语学校东校,上海市洋泾中学,747,否,50,408.5,132,134,147
浦东新区,上海市浦东外国语学校东校,上海市高桥中学,728.5,否,50,405.5,132,131,130
浦东新区,上海市浦东外国语学校东校,上海市川沙中学,738,否,50,396,134,124,147
浦东新区,上海市浦东模范实验中学,上海中学东校,744,否,50,405,140,122,147
浦东新区,上海市浦东模范实验中学,上海市建平中学,751.5,否,50,410.5,140,127,146
浦东新区,上海市浦东模范实验中学,上海市进才中学,753,否,50,419,131,142,137
浦东新区,上海市浦东模范实验中学,华东师范大学第二附属中学,763,否,50,430,144,140,139
浦东新区,上海市浦东模范实验中学,上海南汇中学,728.5,否,50,401,140,122,138
浦东新区,上海市浦东模范实验中学,上海市浦东复旦附中分校,759.5,否,50,414.5,138,130,147
浦东新区,上海市浦东模范实验中学,上海市洋泾中学,751,否,50,414.5,143,127,146
浦东新区,上海市浦东模范实验中学,上海市高桥中学,739.5,否,50,406.5,128,132,138
浦东新区,上海市浦东模范实验中学,上海市川沙中学,747,否,50,402,128,131,142
浦东新区,上海市浦东新区三灶实验中学,上海中学东校,737,否,50,401,128,131,141
浦东新区,上海市浦东新区三灶实验中学,上海市建平中学,759.5,否,50,412.5,142,124,148
浦东新区,上海市浦东新区三灶实验中学,上海市进才中学,750.5,否,50,412.5,144,128,144
浦东新区,上海市浦东新区三灶实验中学,华东师范大学第二附属中学,763.5,否,50,424.5,146,132,145
浦东新区,上海市浦东新区三灶实验中学,上海南汇中学,733.5,否,50,395.5,131,121,140
浦东新区,上海市浦东新区三灶实验中学,上海市浦东复旦附中分校,750.5,否,50,413.5,143,126,141
浦东新区,上海市浦东新区三灶实验中学,上海市洋泾中学,730,否,50,397,130,125,139
浦东新区,上海市浦东新区三灶实验中学,上海市高桥中学,734,否,50,401,138,122,137
浦东新区,上海市浦东新区三灶实验中学,上海市川沙中学,736,否,50,390,133,121,149
浦东新区,上海市实验学校南校,上海中学东校,743,否,50,408.5,137,129,142
浦东新区,上海市实验学校南校,上海市建平中学,749.5,否,50,415,144,126,142
浦东新区,上海市实验学校南校,上海市进才中学,749,否,50,419,142,130,133
浦东新区,上海市实验学校南校,华东师范大学第二附属中学,763.5,否,50,419.5,140,135,147
浦东新区,上海市实验学校南校,上海南汇中学,727.5,否,50,399.5,127,126,138
浦东新区,上海市实验学校南校,上海市浦东复旦附中分校,760,否,50,419,143,134,145
浦东新区,上海市实验学校南校,上海市洋泾中学,744,否,50,405,125,133,143
浦东新区,上海市实验学校南校,上海市高桥中学,731,否,50,398,119,136,135
浦东新区,上海市实验学校南校,上海市川沙中学,741.5,否,50,406.5,142,123,143
浦东新区,上海市浦东新区新场实验中学,上海中学东校,732.5,否,50,407,136,128,137
浦东新区,上海市浦东新区新场实验中学,上海市建平中学,754,否,50,417,143,129,143
浦东新区,上海市浦东新区新场实验中学,上海市进才中学,741.5,否,50,403.5,129,130,141
浦东新区,上海市浦东新区新场实验中学,上海南汇中学,730,否,50,398.5,135,129,142
浦东新区,上海市浦东新区新场实验中学,上海市浦东复旦附中分校,762,否,50,420.5,148,130,147
浦东新区,上海市浦东新区新场实验中学,上海市洋泾中学,724,否,50,388.5,118,132,142
浦东新区,上海市浦东新区新场实验中学,上海市高桥中学,722.5,否,50,389,134,117,142
浦东新区,上海市浦东新区新场实验中学,上海市川沙中学,731.5,否,50,400.5,129,125,141
浦东新区,上海市浦东新区懿德中学,上海中学东校,762,否,50,418.5,137,134,145
浦东新区,上海市浦东新区懿德中学,上海市建平中学,747,否,50,406.5,141,121,146
浦东新区,上海市浦东新区懿德中学,上海市进才中学,738,否,50,396,127,123,144
浦东新区,上海市浦东新区懿德中学,华东师范大学第二附属中学,763,否,50,419.5,136,137,148
浦东新区,上海市浦东新区懿德中学,上海南汇中学,707.5,否,50,378,112,129,135
浦东新区,上海市浦东新区懿德中学,上海市浦东复旦附中分校,755,否,50,408,138,129,149
浦东新区,上海市浦东新区懿德中学,上海市洋泾中学,714,否,50,380,114,126,137
浦东新区,上海市浦东新区懿德中学,上海市高桥中学,725,否,50,387.5,120,125,141
浦东新区,上海市浦东新区懿德中学,上海市川沙中学,707,否,50,377.5,117,118,136
浦东新区,上海市浦东新区建平培德实验中,上海交通大学附属中学,759,否,50,417,147,127,145
浦东新区,上海市浦东新区建平培德实验中,上海中学东校,751,否,50,414,140,129,140
浦东新区,上海市浦东新区建平培德实验中,上海市建平中学,731,否,50,395.5,133,122,146
浦东新区,上海市浦东新区建平培德实验中,上海市进才中学,746.5,否,50,417.5,135,135,133
浦东新区,上海市浦东新区建平培德实验中,上海南汇中学,723,否,50,396,119,132,134
浦东新区,上海市浦东新区建平培德实验中,上海市浦东复旦附中分校,759.5,否,50,420,143,132,143
浦东新区,上海市浦东新区建平培德实验中,上海市洋泾中学,740,否,50,411,140,132,139
浦东新区,上海市浦东新区建平培德实验中,上海市高桥中学,719,否,50,396.5,127,128,130
浦东新区,上海市浦东新区建平培德实验中,上海市川沙中学,746.5,否,50,407.5,139,128,147
浦东新区,上海市浦东新区进才森兰实验中,上海交通大学附属中学,763.5,否,50,426,145,135,143
浦东新区,上海市浦东新区进才森兰实验中,上海中学东校,755.5,否,50,421.5,146,134,146
浦东新区,上海市浦东新区进才森兰实验中,上海市建平中学,759,否,50,418,142,127,143
浦东新区,上海市浦东新区进才森兰实验中,上海市进才中学,752.5,否,50,416,144,129,143
浦东新区,上海市浦东新区进才森兰实验中,上海南汇中学,729.5,否,50,396,137,113,141
浦东新区,上海市浦东新区进才森兰实验中,上海市浦东复旦附中分校,763.5,否,50,416.5,149,125,150
浦东新区,上海市浦东新区进才森兰实验中,上海市洋泾中学,743.5,否,50,412,135,131,139
浦东新区,上海市浦东新区进才森兰实验中,上海市高桥中学,743.5,否,50,411,137,130,142
浦东新区,上海市浦东新区进才森兰实验中,上海市川沙中学,738.5,否,50,408.5,144,121,138
浦东新区,上海市浦东新区建平临港中学,上海中学东校,752.5,否,50,415.5,139,130,143.5
浦东新区,上海市浦东新区建平临港中学,上海市建平中学,748.5,否,50,408.5,132,130,141
浦东新区,上海市浦东新区建平临港中学,上海市进才中学,744,否,50,408,131,132,143
浦东新区,上海市浦东新区建平临港中学,上海南汇中学,734,否,50,395.5,124,130,144
浦东新区,上海市浦东新区建平临港中学,上海市浦东复旦附中分校,757,否,50,423,135,141,138
浦东新区,上海市浦东新区建平临港中学,上海市洋泾中学,732.5,否,50,402.5,133,125,135
浦东新区,上海市浦东新区建平临港中学,上海市高桥中学,728,否,50,401,133,131,137
浦东新区,上海市浦东新区建平临港中学,上海市川沙中学,743.5,否,50,412.5,144,123,139
浦东新区,上海市浦东新区建平临港中学,上海市实验学校,764,否,50,421.5,150,129,148
浦东新区,上海市浦东新区建平临港中学,华东师范大学第二附属中学临港奉贤分校,739,否,50,408,141,118,137
浦东新区,上海师范大学附属浦东临港中学,上海中学东校,740.5,否,50,409,123,141,135
浦东新区,上海师范大学附属浦东临港中学,上海市建平中学,744.5,否,50,404.5,134,126,143
浦东新区,上海师范大学附属浦东临港中学,上海市进才中学,758.5,否,50,415.5,142,130,144
浦东新区,上海师范大学附属浦东临港中学,上海南汇中学,721.5,否,50,389.5,124,121,139
浦东新区,上海师范大学附属浦东临港中学,上海市浦东复旦附中分校,760,否,50,418.5,138,134,144
浦东新区,上海师范大学附属浦东临港中学,上海市洋泾中学,726,否,50,399.5,124,130,130
浦东新区,上海师范大学附属浦东临港中学,上海市高桥中学,723,否,50,399,136,121,131
浦东新区,上海师范大学附属浦东临港中学,上海市川沙中学,725.5,否,50,400,132,123,135
浦东新区,上海师范大学附属浦东临港中学,华东师范大学第二附属中学临港奉贤分校,730,否,50,399,131,124,138
浦东新区,上海市建平实验地杰中学,上海市上海中学,765,否,50,425,145,132,143
浦东新区,上海市建平实验地杰中学,上海中学东校,753,否,50,416,140,131,140
浦东新区,上海市建平实验地杰中学,上海市建平中学,758.5,否,50,415,140,132,147
浦东新区,上海市建平实验地杰中学,上海市进才中学,757,否,50,416,140,131,148
浦东新区,上海市建平实验地杰中学,上海南汇中学,725,否,50,393,127,124,138
浦东新区,上海市建平实验地杰中学,上海市浦东复旦附中分校,765,否,50,424,146,131,146
浦东新区,上海市建平实验地杰中学,上海市洋泾中学,743,否,50,400,129,127,145
浦东新区,上海市建平实验地杰中学,上海市高桥中学,725.5,否,50,395.5,133,120,135
浦东新区,上海市建平实验地杰中学,上海市川沙中学,742,否,50,414.5,140,129,133
浦东新区,上海市建平实验张江中学,上海中学东校,749.5,否,50,411.5,130,135,142
浦东新区,上海市建平实验张江中学,上海市建平中学,761,否,50,416.5,140,131,146
浦东新区,上海市建平实验张江中学,上海市进才中学,758,否,50,419,142,131,142
浦东新区,上海市建平实验张江中学,上海南汇中学,727,否,50,400,131,127,135
浦东新区,上海市建平实验张江中学,上海市浦东复旦附中分校,766,否,50,428,146,134,140
浦东新区,上海市建平实验张江中学,上海市洋泾中学,735.5,否,50,399.5,120,133,141
浦东新区,上海市建平实验张江中学,上海市高桥中学,723.5,否,50,396.5,124,126,134
浦东新区,上海市建平实验张江中学,上海市川沙中学,747,否,50,412,140,130,142
浦东新区,上海市建平实验张江中学,上海市实验学校,754.5,否,50,413,137,131,145
浦东新区,上海市浦东新区建平康梧中学,上海中学东校,728,否,50,401.5,121,138,134
浦东新区,上海市浦东新区建平康梧中学,上海市建平中学,745.5,否,50,410.5,136,129,141
浦东新区,上海市浦东新区建平康梧中学,上海市进才中学,733,否,50,400,127,126,140
浦东新区,上海市浦东新区建平康梧中学,华东师范大学第二附属中学,754.5,否,50,412.5,137,129,145
浦东新区,上海市浦东新区建平康梧中学,上海南汇中学,727.5,否,50,398.5,132,124,136
浦东新区,上海市浦东新区建平康梧中学,上海市浦东复旦附中分校,748.5,否,50,406.5,144,123,145
浦东新区,上海市浦东新区建平康梧中学,上海市洋泾中学,735.5,否,50,400,125,131,140
浦东新区,上海市浦东新区建平康梧中学,上海市高桥中学,722,否,50,396,125,130,138
浦东新区,上海市浦东新区建平康梧中学,上海市川沙中学,729,否,50,394,124,129,140
浦东新区,上海市历城中学,上海中学东校,725,否,50,402.5,141,123,138
浦东新区,上海市历城中学,上海市建平中学,717,否,50,388,127,118,138
浦东新区,上海市历城中学,上海市进才中学,712.5,否,50,394,129,126,127
浦东新区,上海市历城中学,华东师范大学第二附属中学,734.5,否,50,394.5,129,121,147
浦东新区,上海市历城中学,上海南汇中学,689.5,否,50,375.5,118,111,135
浦东新区,上海市历城中学,上海市浦东复旦附中分校,724.5,否,50,403,127,129,130
浦东新区,上海市历城中学,上海市洋泾中学,710.5,否,50,395.5,133,119,132
浦东新区,上海市历城中学,上海市高桥中学,706.5,否,50,386,124,122,129
浦东新区,上海市历城中学,上海市川沙中学,697,否,50,371,111,117,132
浦东新区,上海市竹园中学,上海中学东校,752.5,否,50,419,147,125,140
浦东新区,上海市竹园中学,上海市建平中学,743.5,否,50,412.5,135,135,139
浦东新区,上海市竹园中学,上海市进才中学,743.5,否,50,410.5,130,135,139
浦东新区,上海市竹园中学,上海南汇中学,721.5,否,50,390,109,135,137
浦东新区,上海市竹园中学,上海市浦东复旦附中分校,757.5,否,50,415.5,143,126,147
浦东新区,上海市竹园中学,上海师范大学附属中学,743,否,50,407,139,127,142
浦东新区,上海市竹园中学,上海市洋泾中学,738,否,50,398,135,120,144
浦东新区,上海市竹园中学,上海市高桥中学,721,否,50,389,121,124,137
浦东新区,上海市竹园中学,上海市川沙中学,734,否,50,405.5,144,122,142
浦东新区,上海市泾南中学,上海中学东校,703.5,否,50,380.5,121,118,130
浦东新区,上海市泾南中学,上海市建平中学,734.5,否,50,399.5,124,131,138
浦东新区,上海市泾南中学,上海市进才中学,726.5,否,50,405.5,136,125,128
浦东新区,上海市泾南中学,华东师范大学第二附属中学,735.5,否,50,395.5,125,124,142
浦东新区,上海市泾南中学,上海南汇中学,714.5,否,50,389,130,118,136
浦东新区,上海市泾南中学,上海市浦东复旦附中分校,720.5,否,50,404,134,125,124
浦东新区,上海市泾南中学,上海市洋泾中学,704.5,否,50,388,119,127,125
浦东新区,上海市泾南中学,上海市高桥中学,715,否,50,390.5,132,119,140
浦东新区,上海市泾南中学,上海市川沙中学,708,否,50,382,114,131,135
浦东新区,上海市香山中学,上海交通大学附属中学,759,否,50,419,150,131,144
浦东新区,上海市香山中学,上海中学东校,742.5,否,50,411.5,141,129,137
浦东新区,上海市香山中学,上海市建平中学,724,否,50,396,128,122,141
浦东新区,上海市香山中学,上海市进才中学,750,否,50,413,140,131,144
浦东新区,上海市香山中学,上海南汇中学,708,否,50,392,127,128,126
浦东新区,上海市香山中学,上海市浦东复旦附中分校,754,否,50,413,146,128,146
浦东新区,上海市香山中学,上海市洋泾中学,742.5,否,50,406,139,123,144
浦东新区,上海市香山中学,上海市高桥中学,720,否,50,398,127,129,126
浦东新区,上海市香山中学,上海市川沙中学,732.5,否,50,396.5,124,130,139
浦东新区,上海市沪新中学,上海中学东校,736.5,否,50,405,133,128,143
浦东新区,上海市沪新中学,上海市建平中学,730.5,否,50,402.5,131,132,139
浦东新区,上海市沪新中学,上海市进才中学,746.5,否,50,412,138,129,142
浦东新区,上海市沪新中学,上海南汇中学,707.5,否,50,390,116,132,129
浦东新区,上海市沪新中学,上海市浦东复旦附中分校,759,否,50,420.5,146,126,146
浦东新区,上海市沪新中学,上海师范大学附属中学,733.5,否,50,413,135,131,134
浦东新区,上海市沪新中学,上海市洋泾中学,733.5,否,50,401,123,133,146
浦东新区,上海市沪新中学,上海市高桥中学,722,否,50,394,131,124,135
浦东新区,上海市沪新中学,上海市川沙中学,718.5,否,50,390.5,135,113,133
浦东新区,上海市育民中学,上海中学东校,719,否,50,390,121,128,135
浦东新区,上海市育民中学,上海市建平中学,733,否,50,402,140,125,141
浦东新区,上海市育民中学,上海市进才中学,705,否,50,383,129,114,135
浦东新区,上海市育民中学,上海南汇中学,710.5,否,50,385.5,115,131,131
浦东新区,上海市育民中学,上海市浦东复旦附中分校,740,否,50,401.5,135,120,143
浦东新区,上海市育民中学,上海市洋泾中学,713.5,否,50,388,121,125,133
浦东新区,上海市育民中学,上海市高桥中学,736.5,否,50,400.5,127,131,143
浦东新区,上海市育民中学,上海市川沙中学,719.5,否,50,389.5,125,127,135
浦东新区,上海立信会计金融学院附属高行中学,上海中学东校,734,否,50,410,133,133,131
浦东新区,上海立信会计金融学院附属高行中学,上海市建平中学,746,否,50,403.5,138,119,147
浦东新区,上海立信会计金融学院附属高行中学,上海市进才中学,742.5,否,50,422.5,139,136,127
浦东新区,上海立信会计金融学院附属高行中学,上海南汇中学,721,否,50,392.5,125,123,137
浦东新区,上海立信会计金融学院附属高行中学,上海市浦东复旦附中分校,762,否,50,425,149,132,144
浦东新区,上海立信会计金融学院附属高行中学,上海市洋泾中学,736,否,50,411.5,140,128,132
浦东新区,上海立信会计金融学院附属高行中学,上海市高桥中学,734,否,50,404,123,137,140
浦东新区,上海立信会计金融学院附属高行中学,上海市川沙中学,730,否,50,390.5,118,127,146
浦东新区,上海立信会计金融学院附属高行中学,上海市实验学校,700.5,否,50,367.5,110,122,135
浦东新区,上海第二工业大学附属龚路中学,上海中学东校,746.5,否,50,409.5,143,126,142
浦东新区,上海第二工业大学附属龚路中学,上海市建平中学,754,否,50,415.5,142,133,146
浦东新区,上海第二工业大学附属龚路中学,上海市进才中学,746.5,否,50,409.5,147,123,141
浦东新区,上海第二工业大学附属龚路中学,华东师范大学第二附属中学,745,否,50,411,140,130,142
浦东新区,上海第二工业大学附属龚路中学,上海南汇中学,719.5,否,50,397.5,129,127,132
浦东新区,上海第二工业大学附属龚路中学,上海市浦东复旦附中分校,764,否,50,421,141,133,147
浦东新区,上海第二工业大学附属龚路中学,上海市洋泾中学,732.5,否,50,405.5,142,122,134
浦东新区,上海第二工业大学附属龚路中学,上海市高桥中学,719.5,否,50,399.5,127,132,131
浦东新区,上海第二工业大学附属龚路中学,上海市川沙中学,730,否,50,405,130,132,132
浦东新区,上海市五三中学,上海中学东校,737,否,50,403,146,115,140
浦东新区,上海市五三中学,上海市建平中学,754.5,否,50,410.5,139,132,146
浦东新区,上海市五三中学,上海市进才中学,748,否,50,411.5,141,127,141
浦东新区,上海市五三中学,上海南汇中学,727,否,50,401,140,122,138
浦东新区,上海市五三中学,上海市浦东复旦附中分校,766,否,50,425,144,135,145
浦东新区,上海市五三中学,上海市洋泾中学,738.5,否,50,406,137,124,136
浦东新区,上海市五三中学,上海市高桥中学,732.5,否,50,396.5,128,125,141
浦东新区,上海市五三中学,上海市川沙中学,742,否,50,411,146,123,141
浦东新区,上海市五三中学,上海市实验学校,736,否,50,403.5,141,123,140
浦东新区,上海市侨光中学,上海交通大学附属中学,748.5,否,50,407,136,126,144
浦东新区,上海市侨光中学,上海中学东校,739,否,50,407,139,123,139
浦东新区,上海市侨光中学,上海市建平中学,753.5,否,50,423.5,146,132,143
浦东新区,上海市侨光中学,上海市进才中学,742.5,否,50,404.5,143,123,143
浦东新区,上海市侨光中学,上海南汇中学,731.5,否,50,399,131,130,140.5
浦东新区,上海市侨光中学,上海市浦东复旦附中分校,755,否,50,414,139,129,148
浦东新区,上海市侨光中学,上海市洋泾中学,739,否,50,412.5,145,123,135
浦东新区,上海市侨光中学,上海市高桥中学,729.5,否,50,407,131,133,132
浦东新区,上海市侨光中学,上海市川沙中学,744,否,50,407,136,127,142
浦东新区,上海市江镇中学,上海中学东校,742.5,否,50,404.5,143,119,147
浦东新区,上海市江镇中学,上海市建平中学,743.5,否,50,413.5,139,130,139
浦东新区,上海市江镇中学,上海市进才中学,741,否,50,403,129,127,140
浦东新区,上海市江镇中学,上海南汇中学,726,否,50,394,126,127,138
浦东新区,上海市江镇中学,上海市浦东复旦附中分校,702,否,50,379.5,121,125,131
浦东新区,上海市江镇中学,上海市洋泾中学,739.5,否,50,405.5,138,127,143
浦东新区,上海市江镇中学,上海市高桥中学,723.5,否,50,399.5,135,124,131
浦东新区,上海市江镇中学,上海市川沙中学,732,否,50,401,131,127,141
浦东新区,上海市合庆中学,上海中学东校,729,否,50,399,138,121,142
浦东新区,上海市合庆中学,上海市建平中学,748.5,否,50,413,144,128,142
浦东新区,上海市合庆中学,上海市进才中学,733,否,50,405.5,132,129,141
浦东新区,上海市合庆中学,上海南汇中学,694,否,50,372.5,110,128,131
浦东新区,上海市合庆中学,上海市浦东复旦附中分校,744.5,否,50,404.5,130,129,143
浦东新区,上海市合庆中学,上海市洋泾中学,714.5,否,50,389,140,113,135
浦东新区,上海市合庆中学,上海市高桥中学,705.5,否,50,391,117,129,128
浦东新区,上海市合庆中学,上海市川沙中学,703.5,否,50,385,117,125,128
浦东新区,华东师范大学张江实验中学,上海中学东校,741.5,否,50,409.5,136,127,137
浦东新区,华东师范大学张江实验中学,上海市建平中学,751,否,50,416,145,130,140
浦东新区,华东师范大学张江实验中学,上海市进才中学,756.5,否,50,417.5,144,127,146
浦东新区,华东师范大学张江实验中学,上海南汇中学,719,否,50,387,129,116,142
浦东新区,华东师范大学张江实验中学,上海市浦东复旦附中分校,758,否,50,414,146,120,146
浦东新区,华东师范大学张江实验中学,上海师范大学附属中学,736.5,否,50,395.5,120,131,145
浦东新区,华东师范大学张江实验中学,上海市洋泾中学,729.5,否,50,402.5,129,127,137
浦东新区,华东师范大学张江实验中学,上海市高桥中学,733,否,50,400,139,122,142
浦东新区,华东师范大学张江实验中学,上海市川沙中学,739,否,50,404,129,130,140
浦东新区,上海市三林中学东校,上海中学东校,741,否,50,403.5,135,127,146
浦东新区,上海市三林中学东校,上海市建平中学,747,否,50,413,142,128,143
浦东新区,上海市三林中学东校,上海市进才中学,719.5,否,50,393,134,121,145
浦东新区,上海市三林中学东校,上海南汇中学,711.5,否,50,378,114,128,141
浦东新区,上海市三林中学东校,上海市浦东复旦附中分校,759,否,50,417.5,145,127,149
浦东新区,上海市三林中学东校,上海师范大学附属中学,727.5,否,50,394.5,125,125,143
浦东新区,上海市三林中学东校,上海市洋泾中学,726,否,50,389,119,131,142
浦东新区,上海市三林中学东校,上海市高桥中学,720.5,否,50,392,125,125,141
浦东新区,上海市三林中学东校,上海市川沙中学,719,否,50,393,129,123,133
浦东新区,上海浦东新区民办正达外国语学,上海中学东校,750,否,50,412,134,133,146
浦东新区,上海浦东新区民办正达外国语学,上海市建平中学,765,否,50,424,139,139,145
浦东新区,上海浦东新区民办正达外国语学,上海市进才中学,758.5,否,50,422,144,134,144
浦东新区,上海浦东新区民办正达外国语学,上海南汇中学,721.5,否,50,399.5,129,128,136
浦东新区,上海浦东新区民办正达外国语学,上海市浦东复旦附中分校,766.5,否,50,426.5,145,138,141
浦东新区,上海浦东新区民办正达外国语学,上海师范大学附属中学,747.5,否,50,409.5,140,124,144
浦东新区,上海浦东新区民办正达外国语学,上海市洋泾中学,744.5,否,50,411,131,135,139
浦东新区,上海浦东新区民办正达外国语学,上海市高桥中学,729,否,50,403,129,131,136
浦东新区,上海浦东新区民办正达外国语学,上海市川沙中学,741.5,否,50,409.5,138,128,141
浦东新区,上海市高东中学,上海中学东校,729.5,否,50,400,135,124,141
浦东新区,上海市高东中学,上海市建平中学,742,否,50,407.5,139,128,141
浦东新区,上海市高东中学,上海市进才中学,733,否,50,397,129,125,144
浦东新区,上海市高东中学,上海南汇中学,700.5,否,50,377,107,129,136
浦东新区,上海市高东中学,上海市浦东复旦附中分校,762.5,否,50,424.5,140,138,140
浦东新区,上海市高东中学,上海市洋泾中学,713.5,否,50,399.5,133,124,126
浦东新区,上海市高东中学,上海市高桥中学,709,否,50,386.5,118,127,131
浦东新区,上海市高东中学,上海市川沙中学,716.5,否,50,387.5,135,122,140
浦东新区,上海市南汇第一中学,上海中学东校,746.5,否,50,411.5,133,139,141
浦东新区,上海市南汇第一中学,上海市建平中学,748.5,否,50,415.5,141,126,138
浦东新区,上海市南汇第一中学,上海市进才中学,743.5,否,50,410,143,125,133
浦东新区,上海市南汇第一中学,华东师范大学第二附属中学,763,否,50,420,148,129,147
浦东新区,上海市南汇第一中学,上海南汇中学,731.5,否,50,407.5,140,124,134
浦东新区,上海市南汇第一中学,上海市浦东复旦附中分校,759,否,50,420,142,135,143
浦东新区,上海市南汇第一中学,上海市洋泾中学,715.5,否,50,383.5,123,125,139
浦东新区,上海市南汇第一中学,上海市高桥中学,718,否,50,394.5,140,109,136
浦东新区,上海市南汇第一中学,上海市川沙中学,737,否,50,407,142,126,141
浦东新区,上海市老港中学,上海中学东校,688,否,50,379,127,115,128
浦东新区,上海市老港中学,上海市建平中学,695.5,否,50,380.5,139,111,125
浦东新区,上海市老港中学,上海市进才中学,678.5,否,50,361,113,119,135
浦东新区,上海市老港中学,华东师范大学第二附属中学,713.5,否,50,397.5,139,118,129
浦东新区,上海市老港中学,上海南汇中学,695.5,否,50,377,118,119,132
浦东新区,上海市老港中学,上海市浦东复旦附中分校,715.5,否,50,390,126,128,134
浦东新区,上海市老港中学,上海市洋泾中学,679,否,50,366.5,123,110,126
浦东新区,上海市老港中学,上海市高桥中学,671.5,否,50,369,111,122,120
浦东新区,上海市老港中学,上海市川沙中学,715.5,否,50,391.5,130,122,137
浦东新区,上海市泥城中学,上海中学东校,741.5,否,50,406.5,135,126,141
浦东新区,上海市泥城中学,上海市建平中学,709,否,50,389.5,132,117,127
浦东新区,上海市泥城中学,上海市进才中学,697.5,否,50,374.5,112,123,134
浦东新区,上海市泥城中学,上海南汇中学,704.5,否,50,389,127,125,122
浦东新区,上海市泥城中学,上海市浦东复旦附中分校,715.5,否,50,387,113,130,131
浦东新区,上海市泥城中学,上海市洋泾中学,725,否,50,404.5,141,135,127
浦东新区,上海市泥城中学,上海市高桥中学,705,否,50,388.5,124,122,130.5
浦东新区,上海市泥城中学,上海市川沙中学,728,否,50,402,146,120,136
浦东新区,上海市泥城中学,华东师范大学第二附属中学临港奉贤分校,710,否,50,382,115,128,131
浦东新区,上海市长岛中学,复旦大学附属中学,743,否,50,415.5,144,127,136
浦东新区,上海市长岛中学,上海中学东校,740,否,50,404.5,135,124,142
浦东新区,上海市长岛中学,上海市建平中学,736,否,50,391,125,123,149
浦东新区,上海市长岛中学,上海市进才中学,740,否,50,408.5,137,128,138
浦东新区,上海市长岛中学,上海南汇中学,713,否,50,382.5,122,129,139
浦东新区,上海市长岛中学,上海市浦东复旦附中分校,742,否,50,407,132,132,143
浦东新区,上海市长岛中学,上海市洋泾中学,741,否,50,404.5,130,130,143
浦东新区,上海市长岛中学,上海市高桥中学,738.5,否,50,408,142,123,141
浦东新区,上海市长岛中学,上海市川沙中学,733,否,50,399,130,129,140
浦东新区,上海立信会计金融学院附属学校,上海中学东校,748.5,否,50,410.5,126,139,146
浦东新区,上海立信会计金融学院附属学校,上海市建平中学,760,否,50,417,144,126,147
浦东新区,上海立信会计金融学院附属学校,上海市进才中学,756,否,50,418,144,131,141
浦东新区,上海立信会计金融学院附属学校,上海南汇中学,720.5,否,50,398.5,117,138,137
浦东新区,上海立信会计金融学院附属学校,上海市浦东复旦附中分校,766.5,否,50,422.5,145,133,147
浦东新区,上海立信会计金融学院附属学校,上海师范大学附属中学,740,否,50,399.5,122,135,147
浦东新区,上海立信会计金融学院附属学校,上海市洋泾中学,740,否,50,403.5,135,126,146
浦东新区,上海立信会计金融学院附属学校,上海市高桥中学,736,否,50,404,146,117,139
浦东新区,上海立信会计金融学院附属学校,上海市川沙中学,744.5,否,50,408.5,134,129,140
浦东新区,上海市绿川学校,上海中学东校,718.5,否,50,390,129,121,137.5
浦东新区,上海市绿川学校,上海市建平中学,742.5,否,50,412,138,131,137
浦东新区,上海市绿川学校,上海市进才中学,713.5,否,50,376,126,113,141
浦东新区,上海市绿川学校,华东师范大学第二附属中学,727,否,50,393.5,136,116,136.5
浦东新区,上海市绿川学校,上海南汇中学,713.5,否,50,385,128,121,132.5
浦东新区,上海市绿川学校,上海市浦东复旦附中分校,723,否,50,390.5,124,123,139.5
浦东新区,上海市绿川学校,上海市洋泾中学,707,否,50,381.5,127,128,135
浦东新区,上海市绿川学校,上海市高桥中学,713,否,50,390.5,127,131,133.5
浦东新区,上海市绿川学校,上海市川沙中学,720.5,否,50,395,127,124,135
浦东新区,上海市洋泾菊园实验学校,上海中学东校,745.5,否,50,413.5,139,135,143
浦东新区,上海市洋泾菊园实验学校,上海市建平中学,760.5,否,50,418.5,141,133,147
浦东新区,上海市洋泾菊园实验学校,上海市进才中学,758,否,50,425,140,138,138
浦东新区,上海市洋泾菊园实验学校,华东师范大学第二附属中学,762.5,否,50,421.5,144,133,143
浦东新区,上海市洋泾菊园实验学校,上海南汇中学,721.5,否,50,391,129,128,139
浦东新区,上海市洋泾菊园实验学校,上海市浦东复旦附中分校,760.5,否,50,422,146,132,146
浦东新区,上海市洋泾菊园实验学校,上海市洋泾中学,753.5,否,50,414.5,142,136,144
浦东新区,上海市洋泾菊园实验学校,上海市高桥中学,715.5,否,50,391,130,125,135
浦东新区,上海市洋泾菊园实验学校,上海市川沙中学,730.5,否,50,401,135,131,139
浦东新区,上海市民办平和学校,上海市上海中学,724.5,否,50,397.5,136,122,137
浦东新区,上海市民办平和学校,上海中学东校,743.5,否,50,405.5,131,128,144
浦东新区,上海市民办平和学校,上海市建平中学,753,否,50,418,139,133,141
浦东新区,上海市民办平和学校,上海市进才中学,733,否,50,408,136,127,135
浦东新区,上海市民办平和学校,上海南汇中学,710,否,50,390.5,139,114,128
浦东新区,上海市民办平和学校,上海市浦东复旦附中分校,754,否,50,416,138,136,142
浦东新区,上海市民办平和学校,上海市洋泾中学,739,否,50,410.5,141,127,132
浦东新区,上海市民办平和学校,上海市高桥中学,713,否,50,385,122,119,134
浦东新区,上海市民办平和学校,上海市川沙中学,724.5,否,50,398.5,128,132,131
浦东新区,上海市川沙中学南校,上海中学东校,748.5,否,50,418,147,129,138
浦东新区,上海市川沙中学南校,上海市建平中学,759,否,50,418.5,146,127,147
浦东新区,上海市川沙中学南校,上海市进才中学,752,否,50,419,141,132,142
浦东新区,上海市川沙中学南校,华东师范大学第二附属中学,764,否,50,428.5,150,131,143
浦东新区,上海市川沙中学南校,上海南汇中学,726.5,否,50,387,115,125,144
浦东新区,上海市川沙中学南校,上海市浦东复旦附中分校,764,否,50,423,150,129,144
浦东新区,上海市川沙中学南校,上海市洋泾中学,741,否,50,398.5,130,126,147
浦东新区,上海市川沙中学南校,上海市高桥中学,725.5,否,50,399,131,125,136
浦东新区,上海市川沙中学南校,上海市川沙中学,749.5,否,50,418,149,129,140
浦东新区,上海市建平实验中学,上海中学东校,752,否,50,413.5,141,131,143
浦东新区,上海市建平实验中学,上海市建平中学,761,否,50,418,144,128,147
浦东新区,上海市建平实验中学,上海市进才中学,756.5,否,50,418,146,126,143
浦东新区,上海市建平实验中学,华东师范大学第二附属中学,766.5,否,50,426.5,144,133,146
浦东新区,上海市建平实验中学,上海南汇中学,727.5,否,50,397.5,140,116,139
浦东新区,上海市建平实验中学,上海市浦东复旦附中分校,762,否,50,425.5,146,134,144
浦东新区,上海市建平实验中学,上海市洋泾中学,747,否,50,414,132,134,137
浦东新区,上海市建平实验中学,上海市高桥中学,731.5,否,50,394.5,130,122,140
浦东新区,上海市建平实验中学,上海市川沙中学,744.5,否,50,423.5,139,137,130
浦东新区,上海市民办金苹果学校,上海中学东校,741,否,50,408,139,128,142
浦东新区,上海市民办金苹果学校,上海市建平中学,758,否,50,416,139,130,145
浦东新区,上海市民办金苹果学校,上海市进才中学,744,否,50,409,135,129,141
浦东新区,上海市民办金苹果学校,上海南汇中学,736,否,50,392.5,128,125,147
浦东新区,上海市民办金苹果学校,上海市浦东复旦附中分校,750,否,50,409,140,131,144
浦东新区,上海市民办金苹果学校,上海市洋泾中学,731.5,否,50,403.5,132,129,132
浦东新区,上海市民办金苹果学校,上海市高桥中学,736.5,否,50,400.5,132,127,140
浦东新区,上海市民办金苹果学校,上海市川沙中学,739.5,否,50,400.5,127,134,142
浦东新区,上海民办启能东方外国语学校,上海市上海中学,757,否,50,417.5,141,130,146
浦东新区,上海民办启能东方外国语学校,上海中学东校,747.5,否,50,420.5,146,127,137
浦东新区,上海民办启能东方外国语学校,上海市建平中学,750.5,否,50,413,135,130,141
浦东新区,上海民办启能东方外国语学校,上海市进才中学,742.5,否,50,414.5,135,131,134
浦东新区,上海民办启能东方外国语学校,上海南汇中学,716.5,否,50,391.5,123,128,135
浦东新区,上海民办启能东方外国语学校,上海市浦东复旦附中分校,750.5,否,50,417.5,146,128,136
浦东新区,上海民办启能东方外国语学校,上海市洋泾中学,736,否,50,412.5,139,127,133
浦东新区,上海民办启能东方外国语学校,上海市高桥中学,728.5,否,50,398.5,131,125,139
浦东新区,上海民办启能东方外国语学校,上海市川沙中学,732,否,50,401,122,132,138
浦东新区,上海市民办中芯学校,复旦大学附属中学,760,否,50,418,140,132,147
浦东新区,上海市民办中芯学校,上海中学东校,745,否,50,412,137,133,138
浦东新区,上海市民办中芯学校,上海市建平中学,744,否,50,402,130,127,145
浦东新区,上海市民办中芯学校,上海市进才中学,750.5,否,50,419.5,146,127,140
浦东新区,上海市民办中芯学校,上海南汇中学,731,否,50,403,132,125,133
浦东新区,上海市民办中芯学校,上海市浦东复旦附中分校,757.5,否,50,416.5,147,126,146
浦东新区,上海市民办中芯学校,上海市洋泾中学,741.5,否,50,407,142,124,144
浦东新区,上海市民办中芯学校,上海市高桥中学,740.5,否,50,402.5,126,131,145
浦东新区,上海市民办中芯学校,上海市川沙中学,741,否,50,402,128,127,143
浦东新区,上海市进才实验中学,上海中学东校,756.5,否,50,413,142,126,147
浦东新区,上海市进才实验中学,上海市建平中学,762.5,否,50,420,147,134,145
浦东新区,上海市进才实验中学,上海市进才中学,759,否,50,422,144,135,142
浦东新区,上海市进才实验中学,上海南汇中学,727.5,否,50,402.5,134,128,134
浦东新区,上海市进才实验中学,上海市浦东复旦附中分校,766.5,否,50,424,143,133,146
浦东新区,上海市进才实验中学,上海师范大学附属中学,756.5,否,50,416.5,141,129,142
浦东新区,上海市进才实验中学,上海市洋泾中学,744,否,50,414,138,133,136
浦东新区,上海市进才实验中学,上海市高桥中学,735.5,否,50,402.5,129,128,137
浦东新区,上海市进才实验中学,上海市川沙中学,743,否,50,408,131,135,143
浦东新区,上海市实验学校东校,上海中学东校,751.5,否,50,412.5,145,125,140
浦东新区,上海市实验学校东校,上海市建平中学,759.5,否,50,420.5,146,127,143
浦东新区,上海市实验学校东校,上海市进才中学,756,否,50,409,141,127,147
浦东新区,上海市实验学校东校,华东师范大学第二附属中学,763.5,否,50,420.5,147,129,145
浦东新区,上海市实验学校东校,上海南汇中学,725.5,否,50,404.5,140,127,131
浦东新区,上海市实验学校东校,上海市浦东复旦附中分校,762.5,否,50,420.5,141,131,144
浦东新区,上海市实验学校东校,上海市洋泾中学,746,否,50,408.5,140,126,139
浦东新区,上海市实验学校东校,上海市高桥中学,727,否,50,394.5,119,128,139
浦东新区,上海市实验学校东校,上海市川沙中学,741,否,50,410,137,127,135
浦东新区,上海市张江集团中学,上海中学东校,758,否,50,412,141,126,148
浦东新区,上海市张江集团中学,上海市建平中学,760,否,50,416.5,141,130,147
浦东新区,上海市张江集团中学,上海市进才中学,759,否,50,416,146,122,148
浦东新区,上海市张江集团中学,上海南汇中学,724,否,50,392,135,121,134
浦东新区,上海市张江集团中学,上海市浦东复旦附中分校,766,否,50,424,143,133,146
浦东新区,上海市张江集团中学,上海市洋泾中学,754,否,50,420,141,132,139
浦东新区,上海市张江集团中学,上海市高桥中学,731,否,50,391.5,123,126,146
浦东新区,上海市张江集团中学,上海市川沙中学,742.5,否,50,407.5,139,129,140
浦东新区,上海市张江集团中学,上海市实验学校,762.5,否,50,416.5,139,129,143
浦东新区,上海浦东新区民办协和双语学校,上海中学东校,728,否,50,402,138,117,134
浦东新区,上海浦东新区民办协和双语学校,上海市建平中学,764,否,50,421.5,137,139,144
浦东新区,上海浦东新区民办协和双语学校,上海市进才中学,724,否,50,388.5,126,121,142
浦东新区,上海浦东新区民办协和双语学校,上海南汇中学,722,否,50,391.5,132,123,137
浦东新区,上海浦东新区民办协和双语学校,上海市浦东复旦附中分校,722.5,否,50,387.5,121,121,143
浦东新区,上海浦东新区民办协和双语学校,上海市洋泾中学,725.5,否,50,397,130,128,140
浦东新区,上海浦东新区民办协和双语学校,上海市高桥中学,716,否,50,390,130,121,135
浦东新区,上海浦东新区民办协和双语学校,上海市川沙中学,706,否,50,383.5,119,124,132
浦东新区,上海市浦东新区建平南汇实验学,上海中学东校,748.5,否,50,412,137,133,144
浦东新区,上海市浦东新区建平南汇实验学,上海市建平中学,737.5,否,50,400.5,134,128,140
浦东新区,上海市浦东新区建平南汇实验学,上海市进才中学,745,否,50,406,136,126,143
浦东新区,上海市浦东新区建平南汇实验学,上海南汇中学,735,否,50,410,144,127,138
浦东新区,上海市浦东新区建平南汇实验学,上海市浦东复旦附中分校,749.5,否,50,416.5,144,130,140
浦东新区,上海市浦东新区建平南汇实验学,上海师范大学附属中学,746.5,否,50,406,141,128,144
浦东新区,上海市浦东新区建平南汇实验学,上海市洋泾中学,700,否,50,370.5,117,115,136
浦东新区,上海市浦东新区建平南汇实验学,上海市高桥中学,706.5,否,50,379.5,120,125,134
浦东新区,上海市浦东新区建平南汇实验学,上海市川沙中学,716,否,50,390,128,120,136
浦东新区,上海市三灶学校,上海中学东校,727.5,否,50,399.5,135,122,136.5
浦东新区,上海市三灶学校,上海市建平中学,726.5,否,50,407,146,121,130
浦东新区,上海市三灶学校,上海市进才中学,695,否,50,376,124,113,128
浦东新区,上海市三灶学校,华东师范大学第二附属中学,711,否,50,385,126,122,136
浦东新区,上海市三灶学校,上海南汇中学,713,否,50,387.5,128,122,135
浦东新区,上海市三灶学校,上海市浦东复旦附中分校,722.5,否,50,398,125,134,130
浦东新区,上海市三灶学校,上海市洋泾中学,703,否,50,374.5,141,112,138
浦东新区,上海市三灶学校,上海市高桥中学,701.5,否,50,382.5,119,128,126
浦东新区,上海市三灶学校,上海市川沙中学,716,否,50,384,136,107,143
浦东新区,上海市黄路学校,上海中学东校,737.5,否,50,399,131,123,144
浦东新区,上海市黄路学校,上海市建平中学,680.5,否,50,366,116,125,128
浦东新区,上海市黄路学校,上海市进才中学,741.5,否,50,407,133,131,139
浦东新区,上海市黄路学校,上海南汇中学,735,否,50,410.5,144,124,136
浦东新区,上海市黄路学校,上海市浦东复旦附中分校,745.5,否,50,412.5,137,131,141
浦东新区,上海市黄路学校,上海师范大学附属中学,717.5,否,50,385,134,125,143.5
浦东新区,上海市黄路学校,上海市洋泾中学,730.5,否,50,400.5,133,131,138
浦东新区,上海市黄路学校,上海市高桥中学,720.5,否,50,394.5,128,127,135
浦东新区,上海市黄路学校,上海市川沙中学,725.5,否,50,394.5,123,125,141
浦东新区,上海市浦东新区彭镇中学,上海中学东校,697,否,50,383.5,124,118,127
浦东新区,上海市浦东新区彭镇中学,上海市建平中学,706,否,50,385,117,127,130
浦东新区,上海市浦东新区彭镇中学,上海市进才中学,726.5,否,50,397.5,127,131,133
浦东新区,上海市浦东新区彭镇中学,上海南汇中学,705,否,50,389,127,125,123
浦东新区,上海市浦东新区彭镇中学,上海市浦东复旦附中分校,737.5,否,50,405,137,121,135
浦东新区,上海市浦东新区彭镇中学,上海师范大学附属中学,686.5,否,50,362,104,127,133
浦东新区,上海市浦东新区彭镇中学,上海市洋泾中学,710,否,50,383.5,135,112,141
浦东新区,上海市浦东新区彭镇中学,上海市高桥中学,722,否,50,397,133,124,135
浦东新区,上海市浦东新区彭镇中学,上海市川沙中学,734,否,50,407,141,122,135
浦东新区,上海市浦东新区彭镇中学,华东师范大学第二附属中学临港奉贤分校,712.5,否,50,393.5,128,124,133
浦东新区,上海师范大学附属浦东秋萍学校,复旦大学附属中学,704.5,否,50,372,113,122,138
浦东新区,上海师范大学附属浦东秋萍学校,上海中学东校,707,否,50,383.5,119,128,133
浦东新区,上海师范大学附属浦东秋萍学校,上海市建平中学,708,否,50,387,136,117,133.5
浦东新区,上海师范大学附属浦东秋萍学校,上海市进才中学,711.5,否,50,388.5,123,125,135
浦东新区,上海师范大学附属浦东秋萍学校,上海南汇中学,706,否,50,384,127,125,137
浦东新区,上海师范大学附属浦东秋萍学校,上海市浦东复旦附中分校,705,否,50,382,117,124,136
浦东新区,上海师范大学附属浦东秋萍学校,上海市洋泾中学,702,否,50,379,107,131,135
浦东新区,上海师范大学附属浦东秋萍学校,上海市高桥中学,699,否,50,388,120,130,126
浦东新区,上海师范大学附属浦东秋萍学校,上海市川沙中学,697,否,50,385.5,123,123,118
浦东新区,上海师范大学附属浦东秋萍学校,华东师范大学第二附属中学临港奉贤分校,697,否,50,369,129,116,144
浦东新区,上海市三墩学校,上海中学东校,716,否,50,394.5,130,124,130
浦东新区,上海市三墩学校,上海市建平中学,668,否,50,343,112,116,134
浦东新区,上海市三墩学校,上海南汇中学,673,否,50,356,114,122,123
浦东新区,上海市三墩学校,上海市浦东复旦附中分校,715,否,50,389,135,125,128
浦东新区,上海市三墩学校,华东师范大学第二附属中学临港奉贤分校,679.5,否,50,362.5,122,118,122
浦东新区,上海市浦东新区进才万祥学校,上海中学东校,730.5,否,50,399.5,140,125,143
浦东新区,上海市浦东新区进才万祥学校,上海市建平中学,744.5,否,50,404.5,142,121,145
浦东新区,上海市浦东新区进才万祥学校,上海市进才中学,740,否,50,410.5,140,133,137
浦东新区,上海市浦东新区进才万祥学校,上海南汇中学,714,否,50,392.5,135,122,132
浦东新区,上海市浦东新区进才万祥学校,上海市浦东复旦附中分校,757.5,否,50,424,145,134,139
浦东新区,上海市浦东新区进才万祥学校,上海师范大学附属中学,732.5,否,50,415,136,133,130
浦东新区,上海市浦东新区进才万祥学校,上海市洋泾中学,708,否,50,380.5,111,129,134
浦东新区,上海市浦东新区进才万祥学校,上海市高桥中学,704,否,50,372,115,127,138
浦东新区,上海市浦东新区进才万祥学校,上海市川沙中学,697.5,否,50,367.5,113,128,136
浦东新区,上海市浦东新区进才万祥学校,华东师范大学第二附属中学临港奉贤分校,705,否,50,383.5,120,128,129
浦东新区,上海市宣桥学校,上海交通大学附属中学,741.5,否,50,403.5,145,127,145
浦东新区,上海市宣桥学校,上海中学东校,726.5,否,50,401.5,134,129,133
浦东新区,上海市宣桥学校,上海市建平中学,725.5,否,50,383.5,118,127,146
浦东新区,上海市宣桥学校,上海南汇中学,699.5,否,50,377,124,124,137
浦东新区,上海市宣桥学校,上海市浦东复旦附中分校,742,否,50,409,132,134,139
浦东新区,上海市宣桥学校,上海市洋泾中学,708,否,50,381,121,124,133
浦东新区,上海市宣桥学校,上海市高桥中学,704,否,50,378.5,118,119,131
浦东新区,上海市宣桥学校,上海市川沙中学,713,否,50,393.5,141,112,131.5
浦东新区,上海市航头学校,上海中学东校,741,否,50,410.5,136,133,137
浦东新区,上海市航头学校,上海市建平中学,749.5,否,50,408.5,144,123,145
浦东新区,上海市航头学校,上海市进才中学,749.5,否,50,409,132,134,144
浦东新区,上海市航头学校,华东师范大学第二附属中学,756.5,否,50,414.5,150,120,147
浦东新区,上海市航头学校,上海南汇中学,728,否,50,407,130,133,128
浦东新区,上海市航头学校,上海市浦东复旦附中分校,740,否,50,408.5,139,124,142
浦东新区,上海市航头学校,上海市洋泾中学,726,否,50,396,123,130,135
浦东新区,上海市航头学校,上海市高桥中学,729,否,50,397,136,119,142
浦东新区,上海市航头学校,上海市川沙中学,736.5,否,50,413,141,126,133
浦东新区,上海市周浦育才学校,上海中学东校,712.5,否,50,379.5,119,122,141
浦东新区,上海市周浦育才学校,上海市建平中学,706.5,否,50,385.5,122,123,128
浦东新区,上海市周浦育才学校,上海市进才中学,693.5,否,50,373,138,103,135
浦东新区,上海市周浦育才学校,上海南汇中学,690,否,50,366,102,129,132
浦东新区,上海市周浦育才学校,上海市浦东复旦附中分校,715,否,50,384.5,131,118,143
浦东新区,上海市周浦育才学校,上海市洋泾中学,706,否,50,380,131,114,141
浦东新区,上海市周浦育才学校,上海市高桥中学,685,否,50,377.5,119,116,118
浦东新区,上海市周浦育才学校,上海市川沙中学,701.5,否,50,385,125,126,126
浦东新区,上海市实验学校附属光明学校,上海中学东校,746.5,否,50,407,126,133,141
浦东新区,上海市实验学校附属光明学校,上海市建平中学,709,否,50,386.5,117,125,131
浦东新区,上海市实验学校附属光明学校,上海市进才中学,743,否,50,417,146,127,129
浦东新区,上海市实验学校附属光明学校,上海南汇中学,731,否,50,399,133,124,142
浦东新区,上海市实验学校附属光明学校,上海市浦东复旦附中分校,752,否,50,417,143,131,139
浦东新区,上海市实验学校附属光明学校,上海市洋泾中学,731,否,50,399,129,128,142
浦东新区,上海市实验学校附属光明学校,上海市高桥中学,737,否,50,403,135,126,141
浦东新区,上海市实验学校附属光明学校,上海市川沙中学,737.5,否,50,411.5,141,125,134
浦东新区,上海市实验学校附属光明学校,上海市实验学校,743.5,否,50,416.5,144,128,132
浦东新区,上海市东海学校,上海市建平中学,739.5,否,50,403,136,127,145
浦东新区,上海市东海学校,上海市进才中学,666.5,否,50,369.5,120,115,106
浦东新区,上海市东海学校,上海南汇中学,682,否,50,367,106,124,124
浦东新区,上海市东海学校,上海市洋泾中学,670.5,否,50,356,115,122,124
浦东新区,上海市康城学校,上海交通大学附属中学,748.5,否,50,408.5,140,122,143
浦东新区,上海市康城学校,上海中学东校,754.5,否,50,413.5,142,128,146
浦东新区,上海市康城学校,上海市建平中学,747,否,50,412,144,124,141
浦东新区,上海市康城学校,上海市进才中学,742,否,50,403.5,139,124,143
浦东新区,上海市康城学校,上海南汇中学,738.5,否,50,403,136,129,142
浦东新区,上海市康城学校,上海市浦东复旦附中分校,756,否,50,418.5,141,133,144
浦东新区,上海市康城学校,上海市洋泾中学,743.5,否,50,406.5,139,128,144
浦东新区,上海市康城学校,上海市高桥中学,717,否,50,395,126,124,133
浦东新区,上海市康城学校,上海市川沙中学,743,否,50,404.5,140,125,143
浦东新区,上海中医药大学附属浦东鹤沙学,上海中学东校,715.5,否,50,382,125,123,139
浦东新区,上海中医药大学附属浦东鹤沙学,上海市建平中学,739.5,否,50,401,140,116,146
浦东新区,上海中医药大学附属浦东鹤沙学,上海市进才中学,731,否,50,395,129,122,140
浦东新区,上海中医药大学附属浦东鹤沙学,华东师范大学第二附属中学,766,否,50,424,142,139,148
浦东新区,上海中医药大学附属浦东鹤沙学,上海南汇中学,724.5,否,50,395.5,135,128,138
浦东新区,上海中医药大学附属浦东鹤沙学,上海市浦东复旦附中分校,732,否,50,402,140,121,138
浦东新区,上海中医药大学附属浦东鹤沙学,上海市洋泾中学,735.5,否,50,407,128,138,134
浦东新区,上海中医药大学附属浦东鹤沙学,上海市高桥中学,713,否,50,387,124,127,137
浦东新区,上海中医药大学附属浦东鹤沙学,上海市川沙中学,720.5,否,50,388,117,128,143
浦东新区,上海浦东新区民办东鼎外国语学,上海市上海中学,680.5,否,50,361,109,112,129
浦东新区,上海浦东新区民办东鼎外国语学,上海中学东校,671,否,50,367.5,124,124,125
浦东新区,上海浦东新区民办东鼎外国语学,上海市浦东复旦附中分校,696.5,否,50,374.5,119,125,133
浦东新区,上海市民办尚德实验学校,上海市上海中学,766.5,否,50,419,145,130,144
浦东新区,上海市民办尚德实验学校,上海中学东校,752.5,否,50,414,136,133,141
浦东新区,上海市民办尚德实验学校,上海市建平中学,761,否,50,422,146,130,142
浦东新区,上海市民办尚德实验学校,上海市进才中学,756,否,50,417.5,141,132,142
浦东新区,上海市民办尚德实验学校,上海南汇中学,721,否,50,385.5,106,130,142
浦东新区,上海市民办尚德实验学校,上海市浦东复旦附中分校,761,否,50,422,145,133,142
浦东新区,上海市民办尚德实验学校,上海市洋泾中学,743.5,否,50,403,123,134,143
浦东新区,上海市民办尚德实验学校,上海市高桥中学,720,否,50,393.5,115,137,134
浦东新区,上海市民办尚德实验学校,上海市川沙中学,744,否,50,409.5,134,129,137
浦东新区,上海浦东新区民办远翔实验学校,上海中学东校,756.5,否,50,415.5,133,139,147
浦东新区,上海浦东新区民办远翔实验学校,上海市建平中学,757,否,50,413,148,126,148
浦东新区,上海浦东新区民办远翔实验学校,上海市进才中学,752.5,否,50,414,142,129,148
浦东新区,上海浦东新区民办远翔实验学校,上海南汇中学,724.5,否,50,397.5,123,130,132
浦东新区,上海浦东新区民办远翔实验学校,上海市浦东复旦附中分校,763,否,50,427,146,133,142
浦东新区,上海浦东新区民办远翔实验学校,上海市洋泾中学,737,否,50,402.5,130,130,147
浦东新区,上海浦东新区民办远翔实验学校,上海市高桥中学,737.5,否,50,402,125,130,137
浦东新区,上海浦东新区民办远翔实验学校,上海市川沙中学,747,否,50,409,136,129,145
浦东新区,上海浦东新区民办远翔实验学校,上海市实验学校,742.5,否,50,413.5,138,130,137
浦东新区,上海浦东新区民办进德外国语中,上海市上海中学,757,否,50,419.5,142,132,141
浦东新区,上海浦东新区民办进德外国语中,上海中学东校,752.5,否,50,416.5,144,127,141
浦东新区,上海浦东新区民办进德外国语中,上海市建平中学,755,否,50,415.5,138,130,145
浦东新区,上海浦东新区民办进德外国语中,上海市进才中学,754,否,50,414.5,134,136,145
浦东新区,上海浦东新区民办进德外国语中,上海南汇中学,726,否,50,387.5,117,129,143
浦东新区,上海浦东新区民办进德外国语中,上海市浦东复旦附中分校,762.5,否,50,419.5,140,134,147
浦东新区,上海浦东新区民办进德外国语中,上海市洋泾中学,742,否,50,409,135,131,139
浦东新区,上海浦东新区民办进德外国语中,上海市高桥中学,727.5,否,50,402,130,132,130
浦东新区,上海浦东新区民办进德外国语中,上海市川沙中学,742.5,否,50,400.5,135,124,145
浦东新区,上海市周浦实验学校,复旦大学附属中学,764.5,否,50,423.5,138,139,146
浦东新区,上海市周浦实验学校,上海中学东校,747.5,否,50,414,136,131,145
浦东新区,上海市周浦实验学校,上海市建平中学,752,否,50,414.5,138,131,141
浦东新区,上海市周浦实验学校,上海市进才中学,746,否,50,409,134,128,143
浦东新区,上海市周浦实验学校,上海南汇中学,725.5,否,50,393,124,125,142
浦东新区,上海市周浦实验学校,上海市浦东复旦附中分校,753.5,否,50,418,143,129,141
浦东新区,上海市周浦实验学校,上海市洋泾中学,742.5,否,50,405,139,124,148
浦东新区,上海市周浦实验学校,上海市高桥中学,717,否,50,385,128,119,139
浦东新区,上海市周浦实验学校,上海市川沙中学,743.5,否,50,407.5,143,121,140
浦东新区,上海浦东新区民办更新学校,上海市进才中学,708,否,50,382,108,132,132
浦东新区,上海民办华曜浦东实验学校,上海交通大学附属中学,763.5,否,50,422,143,135,144
浦东新区,上海民办华曜浦东实验学校,上海中学东校,754,否,50,417.5,147,129,143
浦东新区,上海民办华曜浦东实验学校,上海市建平中学,758.5,否,50,414.5,146,123,148
浦东新区,上海民办华曜浦东实验学校,上海市进才中学,757.5,否,50,418.5,142,131,143
浦东新区,上海民办华曜浦东实验学校,上海南汇中学,726.5,否,50,391.5,127,123,142
浦东新区,上海民办华曜浦东实验学校,上海市浦东复旦附中分校,763,否,50,422,146,131,145
浦东新区,上海民办华曜浦东实验学校,上海市洋泾中学,745.5,否,50,409,127,138,142
浦东新区,上海民办华曜浦东实验学校,上海市高桥中学,742,否,50,403.5,119,140,144
浦东新区,上海民办华曜浦东实验学校,上海市川沙中学,742,否,50,411,140,128,138
浦东新区,上海浦东新区民办万科学校,上海交通大学附属中学,732.5,否,50,408.5,137,129,131
浦东新区,上海浦东新区民办万科学校,上海中学东校,667.5,否,50,360,109,111,117.5
浦东新区,上海浦东新区民办万科学校,上海市建平中学,740,否,50,406,136,126,141
浦东新区,上海浦东新区民办万科学校,上海市进才中学,670.5,否,50,356.5,118,111,128
浦东新区,上海浦东新区民办万科学校,上海市浦东复旦附中分校,692,否,50,382.5,125,115,125
浦东新区,上海浦东新区民办万科学校,上海市洋泾中学,678.5,否,50,360.5,114,115,131
浦东新区,华东师范大学第二附属中学前滩学校,上海中学东校,749.5,否,50,411,142,123,145
浦东新区,华东师范大学第二附属中学前滩学校,上海市建平中学,760,否,50,420,141,134,146
浦东新区,华东师范大学第二附属中学前滩学校,上海市进才中学,753.5,否,50,419.5,147,127,143
浦东新区,华东师范大学第二附属中学前滩学校,上海南汇中学,730,否,50,392.5,117,133,149
浦东新区,华东师范大学第二附属中学前滩学校,上海市浦东复旦附中分校,762,否,50,423.5,146,129,146
浦东新区,华东师范大学第二附属中学前滩学校,上海师范大学附属中学,749,否,50,412,136,131,145
浦东新区,华东师范大学第二附属中学前滩学校,上海市洋泾中学,742.5,否,50,407.5,132,132,141
浦东新区,华东师范大学第二附属中学前滩学校,上海市高桥中学,719.5,否,50,392,122,126,142
浦东新区,华东师范大学第二附属中学前滩学校,上海市川沙中学,747.5,否,50,413.5,132,135,145
浦东新区,上海浦东新区民办惠立学校,上海交通大学附属中学,694,否,50,388,117,127,116
浦东新区,上海浦东新区民办宏文学校,上海中学东校,741.5,否,50,408,130,130,144.5
浦东新区,上海浦东新区民办宏文学校,上海市建平中学,736,否,50,400,119,135,141
浦东新区,上海浦东新区民办宏文学校,上海市进才中学,746.5,否,50,408.5,147,123,145
浦东新区,上海浦东新区民办宏文学校,上海南汇中学,698.5,否,50,387,125,121,126
浦东新区,上海浦东新区民办宏文学校,上海市浦东复旦附中分校,758,否,50,417,144,126,146
浦东新区,上海浦东新区民办宏文学校,上海市洋泾中学,738,否,50,404,132,131,140
浦东新区,上海浦东新区民办宏文学校,上海市高桥中学,727,否,50,403,131,133,135
浦东新区,上海科技大学附属学校,上海交通大学附属中学,758,否,50,420,146,129,141
浦东新区,上海科技大学附属学校,上海中学东校,744,否,50,402,141,118,146
浦东新区,上海科技大学附属学校,上海市建平中学,746,否,50,413,145,125,140
浦东新区,上海科技大学附属学校,上海市进才中学,753,否,50,411.5,142,124,145
浦东新区,上海科技大学附属学校,上海南汇中学,718,否,50,386,117,125,139
浦东新区,上海科技大学附属学校,上海市浦东复旦附中分校,756.5,否,50,413.5,136,131,148
浦东新区,上海科技大学附属学校,上海市洋泾中学,742,否,50,402.5,123,132,145
浦东新区,上海科技大学附属学校,上海市高桥中学,719,否,50,385,127,120,143
浦东新区,上海科技大学附属学校,上海市川沙中学,741.5,否,50,405,128,128,141
浦东新区,上海浦东民办未来科技学校,上海中学东校,754.5,否,50,404.5,138,119,141
浦东新区,上海浦东民办未来科技学校,上海市建平中学,758.5,否,50,424.5,142,135,139
浦东新区,上海浦东民办未来科技学校,上海市进才中学,757,否,50,421,140,133,140
浦东新区,上海浦东民办未来科技学校,上海南汇中学,720,否,50,398,131,125,133
浦东新区,上海浦东民办未来科技学校,上海市浦东复旦附中分校,767,否,50,423,143,132,148
浦东新区,上海浦东民办未来科技学校,上海市洋泾中学,740.5,否,50,407.5,130,129,141
浦东新区,上海浦东民办未来科技学校,上海市高桥中学,712.5,否,50,393.5,139,120,137
浦东新区,上海浦东民办未来科技学校,上海市川沙中学,751.5,否,50,412.5,142,126,141
浦东新区,上海浦东民办未来科技学校,上海市实验学校,745.5,否,50,410,143,125,143
浦东新区,上海市浦东新区进才书院学校,上海中学东校,716.5,否,50,394.5,126,128,133
浦东新区,上海市浦东新区进才书院学校,上海市建平中学,727.5,否,50,389.5,126,125,143
浦东新区,上海市浦东新区进才书院学校,上海市进才中学,745,否,50,411,142,128,140
浦东新区,上海市浦东新区进才书院学校,上海南汇中学,700.5,否,50,387,136,117,129
浦东新区,上海市浦东新区进才书院学校,上海市浦东复旦附中分校,751,否,50,416,146,126,141
浦东新区,上海市浦东新区进才书院学校,上海市洋泾中学,708,否,50,389.5,129,120,126
浦东新区,上海市浦东新区进才书院学校,上海市高桥中学,697,否,50,385.5,120,132,123
浦东新区,上海市浦东新区进才书院学校,上海市川沙中学,709.5,否,50,386,127,122,135.5
浦东新区,上海市浦东新区进才书院学校,华东师范大学第二附属中学临港奉贤分校,709,否,50,380,124,120,137
虹口区,上海市钟山初级中学,复旦大学附属复兴中学,728.5,否,50,397,134,127,137
虹口区,上海市钟山初级中学,华东师范大学第一附属中学,717,否,50,387,123,123,135
虹口区,上海市钟山初级中学,上海财经大学附属北郊高级中学,711,否,50,388.5,125,121,128
虹口区,上海市钟山初级中学,复旦大学附属中学,764.5,否,50,429.5,143,139,139
虹口区,上海市江湾初级中学,复旦大学附属复兴中学,739,否,50,406,123,137,138
虹口区,上海市江湾初级中学,华东师范大学第一附属中学,729,否,50,399.5,131,130,141
虹口区,上海市江湾初级中学,上海财经大学附属北郊高级中学,722,否,50,402.5,134,128,127
虹口区,上海市复兴实验中学,复旦大学附属复兴中学,748.5,否,50,413,133,136,139.5
虹口区,上海市复兴实验中学,华东师范大学第一附属中学,726.5,否,50,407,136,127,126
虹口区,上海市复兴实验中学,上海财经大学附属北郊高级中学,721,否,50,391,128,130,137
虹口区,上海市复兴实验中学,复旦大学附属中学,758,否,50,419,146,131,143
虹口区,上海市虹口区教育学院实验中学,复旦大学附属复兴中学,734.5,否,50,406.5,139,124,131
虹口区,上海市虹口区教育学院实验中学,华东师范大学第一附属中学,723.5,否,50,395.5,131,124,135
虹口区,上海市虹口区教育学院实验中学,上海财经大学附属北郊高级中学,712,否,50,392.5,120,129,128
虹口区,上海市虹口区教育学院实验中学,上海交通大学附属中学,748.5,否,50,408.5,138,128,142
虹口区,上海市曲阳第二中学,上海市上海中学,761,否,50,424,146,134,142
虹口区,上海市曲阳第二中学,复旦大学附属复兴中学,743,否,50,406.5,133,128,142
虹口区,上海市曲阳第二中学,华东师范大学第一附属中学,731,否,50,397,124,132,138
虹口区,上海市曲阳第二中学,上海财经大学附属北郊高级中学,721.5,否,50,390.5,123,127,138
虹口区,上海音乐学院虹口区实验中学,复旦大学附属复兴中学,748.5,否,50,409.5,137,128,145
虹口区,上海音乐学院虹口区实验中学,华东师范大学第一附属中学,728,否,50,399.5,131,124,135
虹口区,上海音乐学院虹口区实验中学,上海财经大学附属北郊高级中学,721,否,50,389.5,122,127,139
虹口区,上海市海南中学,复旦大学附属复兴中学,732.5,否,50,397.5,124,127,144
虹口区,上海市海南中学,华东师范大学第一附属中学,735.5,否,50,411.5,127,138,126
虹口区,上海市海南中学,上海财经大学附属北郊高级中学,708,否,50,390,120,126,123
虹口区,上海市丰镇中学,复旦大学附属复兴中学,737,否,50,401.5,126,136,135
虹口区,上海市丰镇中学,华东师范大学第一附属中学,725.5,否,50,389.5,141,112,142
虹口区,上海市丰镇中学,上海财经大学附属北郊高级中学,715,否,50,397.5,121,133,125
虹口区,上海市鲁迅初级中学,复旦大学附属复兴中学,747,否,50,414,142,126,137
虹口区,上海市鲁迅初级中学,华东师范大学第一附属中学,733.5,否,50,407.5,135,126,132
虹口区,上海市鲁迅初级中学,上海财经大学附属北郊高级中学,724,否,50,391.5,131,117,139
虹口区,上海市继光初级中学,复旦大学附属复兴中学,741,否,50,407.5,145,123,142
虹口区,上海市继光初级中学,华东师范大学第一附属中学,735,否,50,403.5,132,128,141
虹口区,上海市继光初级中学,上海财经大学附属北郊高级中学,716.5,否,50,384.5,121,124,138
虹口区,华东师范大学第一附属初级中学,复旦大学附属复兴中学,739.5,否,50,411.5,128,139,136
虹口区,华东师范大学第一附属初级中学,华东师范大学第一附属中学,732,否,50,395,139,116,142
虹口区,华东师范大学第一附属初级中学,上海财经大学附属北郊高级中学,714.5,否,50,387.5,126,125,131
虹口区,上海市民办新复兴初级中学,复旦大学附属复兴中学,746,否,50,407,128,132,140
虹口区,上海市民办新复兴初级中学,华东师范大学第一附属中学,733.5,否,50,402,126,131,138
虹口区,上海市民办新复兴初级中学,上海财经大学附属北郊高级中学,716.5,否,50,386.5,113,130,133
虹口区,上海市民办新复兴初级中学,复旦大学附属中学,762,否,50,423.5,146,132,143
虹口区,上海市民办新华初级中学,复旦大学附属复兴中学,749,否,50,415.5,142,129,141
虹口区,上海市民办新华初级中学,华东师范大学第一附属中学,729.5,否,50,403,128,129,133
虹口区,上海市民办新华初级中学,上海财经大学附属北郊高级中学,715.5,否,50,385.5,125,121,133
虹口区,上海市民办新华初级中学,上海交通大学附属中学,764.5,否,50,423.5,146,137,145
虹口区,上海市民办新北郊初级中学,复旦大学附属复兴中学,744,否,50,412,139,125,138
虹口区,上海市民办新北郊初级中学,华东师范大学第一附属中学,730.5,否,50,398,132,129,140
虹口区,上海市民办新北郊初级中学,上海财经大学附属北郊高级中学,719.5,否,50,393.5,120,128,132
虹口区,上海市民办新北郊初级中学,复旦大学附属中学,765.5,否,50,428.5,144,137,142
虹口区,上海市第五十二中学,复旦大学附属复兴中学,751,否,50,415,146,125,141
虹口区,上海市第五十二中学,华东师范大学第一附属中学,719,否,50,391,133,115,134
虹口区,上海市第五十二中学,上海财经大学附属北郊高级中学,698.5,否,50,377.5,126,129,132
虹口区,上海师范大学附属虹口中学,上海市上海中学,753.5,否,50,420.5,150,124,139
虹口区,上海师范大学附属虹口中学,复旦大学附属复兴中学,725.5,否,50,397,133,124,134
虹口区,上海师范大学附属虹口中学,华东师范大学第一附属中学,717.5,否,50,412,138,129,118
虹口区,上海师范大学附属虹口中学,上海财经大学附属北郊高级中学,692.5,否,50,372,121,113,128
虹口区,同济大学附属澄衷中学,复旦大学附属复兴中学,734.5,否,50,394,127,122,144
虹口区,同济大学附属澄衷中学,华东师范大学第一附属中学,720,否,50,393,113,133,134
虹口区,同济大学附属澄衷中学,上海财经大学附属北郊高级中学,698,否,50,382,111,126,127
虹口区,同济大学附属澄衷中学,上海交通大学附属中学,758.5,否,50,420,145,128,146
虹口区,上海市民办迅行中学,复旦大学附属复兴中学,748.5,否,50,411.5,144,124,141
虹口区,上海市民办迅行中学,华东师范大学第一附属中学,734.5,否,50,404,136,127,138
虹口区,上海市民办迅行中学,上海财经大学附属北郊高级中学,713,否,50,385.5,131,121,132
虹口区,上海民办克勒外国语学校,复旦大学附属复兴中学,739,否,50,405,132,127,138
虹口区,上海民办克勒外国语学校,华东师范大学第一附属中学,707.5,否,50,379.5,122,123,135
虹口区,上海民办克勒外国语学校,上海财经大学附属北郊高级中学,705.5,否,50,380.5,118,123,137
虹口区,上海民办克勒外国语学校,上海交通大学附属中学,762,否,50,417.5,143,130,148
虹口区,上海市北郊学校,复旦大学附属复兴中学,730,否,50,397.5,126,127,137
虹口区,上海市北郊学校,华东师范大学第一附属中学,728.5,否,50,398.5,136,124,143
虹口区,上海市北郊学校,上海财经大学附属北郊高级中学,715,否,50,393.5,131,121,129
虹口区,上海市长青学校,复旦大学附属复兴中学,743.5,否,50,409.5,141,128,138
虹口区,上海市长青学校,华东师范大学第一附属中学,733.5,否,50,406,131,131,135
虹口区,上海市长青学校,上海财经大学附属北郊高级中学,727.5,否,50,400.5,137,126,133
虹口区,上海市长青学校,华东师范大学第二附属中学,763,否,50,417,137,134,148
虹口区,上海市虹口实验学校,复旦大学附属复兴中学,748,否,50,411,133,130,142
虹口区,上海市虹口实验学校,华东师范大学第一附属中学,735.5,否,50,400.5,133,123,143
虹口区,上海市虹口实验学校,上海财经大学附属北郊高级中学,723.5,否,50,392.5,130,115,139
虹口区,上海世外教育附属虹口区欧阳学,复旦大学附属复兴中学,736.5,否,50,401.5,134,130,145
虹口区,上海世外教育附属虹口区欧阳学,华东师范大学第一附属中学,723.5,否,50,394.5,132,124,137
虹口区,上海世外教育附属虹口区欧阳学,上海财经大学附属北郊高级中学,710.5,否,50,392.5,120,130,132
金山区,上海市罗星中学,华东师范大学第二附属中学,759,否,50,421,143,135,142
金山区,上海市罗星中学,上海市金山中学,739,否,50,410,128,137,133
金山区,上海市罗星中学,华东师范大学第三附属中学,711,否,50,391,128,126,127
金山区,上海市松隐中学,上海市金山中学,730,否,50,396,127,127,137
金山区,上海市松隐中学,华东师范大学第三附属中学,688.5,否,50,363.5,110,115,130
金山区,上海市亭新中学,上海师范大学附属中学,750.5,否,50,411.5,141,130,143
金山区,上海市亭新中学,上海市金山中学,721.5,否,50,388.5,125,121,139
金山区,上海市亭新中学,华东师范大学第三附属中学,705.5,否,50,380.5,121,118,137
金山区,上海市漕泾中学,上海市金山中学,721.5,否,50,391,129,127,141
金山区,上海市漕泾中学,华东师范大学第三附属中学,695,否,50,367,113,118,137
金山区,上海市山阳中学,上海市金山中学,738.5,否,50,396.5,122,127,145
金山区,上海市山阳中学,华东师范大学第三附属中学,723,否,50,386,119,125,141
金山区,上海市张堰第二中学,上海市金山中学,719.5,否,50,393,124,126,132
金山区,上海市张堰第二中学,华东师范大学第三附属中学,698.5,否,50,372.5,111,123,133
金山区,上海市廊下中学,上海市金山中学,705.5,否,50,369,114,115,143
金山区,上海市廊下中学,华东师范大学第三附属中学,683,否,50,359,100,116,131
金山区,上海市蒙山中学,复旦大学附属中学,765,否,50,425,146,134,141
金山区,上海市蒙山中学,上海市金山中学,743,否,50,410,136,128,140
金山区,上海市蒙山中学,华东师范大学第三附属中学,717,否,50,385,122,121,138
金山区,上海市金山区教育学院附属中学,上海市金山中学,740.5,否,50,401.5,132,127,143
金山区,上海市金山区教育学院附属中学,华东师范大学第三附属中学,711.5,否,50,399,120,136,117
金山区,上海市金山初级中学,上海市金山中学,741,否,50,406,136,129,142
金山区,上海市金山初级中学,华东师范大学第三附属中学,713,否,50,386,130,118,139
金山区,上海市西林中学,上海市金山中学,738,否,50,404,135,124,138
金山区,上海市西林中学,华东师范大学第三附属中学,706,否,50,384,121,126,126
金山区,上海市朱行中学,上海市金山中学,731,否,50,404,142,124,138
金山区,上海市朱行中学,华东师范大学第三附属中学,711.5,否,50,379.5,121,123,141
金山区,上海金山区健桥实验中学,上海市金山中学,745,否,50,415,142,126,141
金山区,上海金山区健桥实验中学,华东师范大学第三附属中学,720.5,否,50,392.5,143,125,134
金山区,上海市金山区青少年业余体育学,上海市金山中学,717,否,50,390,125,129,130
金山区,上海市同凯中学,上海市金山中学,733,否,50,399,127,125,140
金山区,上海市同凯中学,华东师范大学第三附属中学,714.5,否,50,375.5,120,122,142
金山区,上海市金山实验中学,上海市金山中学,728,否,50,394,122,129,135
金山区,上海市金山实验中学,华东师范大学第三附属中学,710.5,否,50,386.5,126,119,132
金山区,上海师范大学附属金山前京中学,上海市金山中学,743,否,50,403,129,128,143
金山区,上海师范大学附属金山前京中学,华东师范大学第三附属中学,713.5,否,50,392.5,118,133,125
金山区,华东师范大学附属枫泾中学,上海市金山中学,727,否,50,405,134,128,128
金山区,华东师范大学附属枫泾中学,华东师范大学第三附属中学,704.5,否,50,383.5,125,122,127
金山区,上海市金卫中学,上海市金山中学,715.5,否,50,392.5,122,127,130
金山区,上海市金卫中学,华东师范大学第三附属中学,701,否,50,363,101,118,140
金山区,上海市民办永昌中学,上海市上海中学,738.5,否,50,403.5,139,125,143
金山区,上海市民办永昌中学,上海市金山中学,720,否,50,394,130,135,136
金山区,上海市民办永昌中学,华东师范大学第三附属中学,699.5,否,50,371.5,122,119,140
金山区,上海市干巷学校,上海市金山中学,739.5,否,50,398.5,136,129,145
金山区,上海市干巷学校,华东师范大学第三附属中学,718,否,50,396,127,133,126
金山区,上海市新农学校,上海市金山中学,743,否,50,405,128,130,141
金山区,上海市新农学校,华东师范大学第三附属中学,726.5,否,50,400.5,136,123,138
金山区,上海市民办金盟学校,上海交通大学附属中学,765.5,否,50,424.5,146,133,144
金山区,上海市民办金盟学校,上海市金山中学,737.5,否,50,398.5,127,127,142
金山区,上海市民办金盟学校,华东师范大学第三附属中学,712.5,否,50,382.5,127,119,135
金山区,上海金山杭州湾双语学校,上海市金山中学,687,否,50,376,112,121,118
金山区,上海金山杭州湾双语学校,华东师范大学第三附属中学,690,否,50,371,117,120,130
金山区,上海金山区世外学校,上海市金山中学,748,否,50,414,144,127,141
金山区,上海金山区世外学校,华东师范大学第三附属中学,706,否,50,382,126,124,134
金山区,上海市金山区龙泉学校,上海市金山中学,709.5,否,50,374,117,124,143
金山区,上海市金山区龙泉学校,华东师范大学第三附属中学,704,否,50,378,126,125,128
金山区,上海市金山区吕巷学校,上海市金山中学,707,否,50,377,120,121,136
金山区,上海市金山区吕巷学校,华东师范大学第三附属中学,697,否,50,372,101,128,130
金山区,上海市金山区钱圩学校,上海市金山中学,698,否,50,369,106,122,138
金山区,上海市金山区钱圩学校,华东师范大学第三附属中学,690.5,否,50,368.5,108,123,132
长宁区,上海市第三女子初级中学,上海市第三女子中学,703.5,否,50,382.5,124,129,127
长宁区,上海市第三女子初级中学,上海市延安中学,747,否,50,410,136,135,139
长宁区,上海市第三女子初级中学,上海市复旦中学,706,否,50,385.5,122,119,126
长宁区,上海市天山第二中学,上海市上海中学,712.5,否,50,385.5,119,124,139
长宁区,上海市天山第二中学,上海市第三女子中学,707.5,否,50,379,127,115,142
长宁区,上海市天山第二中学,上海市延安中学,726.5,否,50,400.5,130,132,133
长宁区,上海市天山第二中学,上海市复旦中学,720.5,否,50,392,127,123,140
长宁区,上海市姚连生中学,上海市第三女子中学,701.5,否,50,377.5,118,121,128
长宁区,上海市姚连生中学,上海市延安中学,744.5,否,50,410.5,136,130,141
长宁区,上海市姚连生中学,上海市复旦中学,731.5,否,50,403.5,133,127,135
长宁区,上海市天山初级中学,上海市第三女子中学,709.5,否,50,400.5,138,126,123
长宁区,上海市天山初级中学,上海市延安中学,747,否,50,409,136,128,140
长宁区,上海市天山初级中学,上海市复旦中学,730.5,否,50,396.5,136,120,139
长宁区,上海市虹桥中学,上海市第三女子中学,701,否,50,372,111,119,136
长宁区,上海市虹桥中学,上海市延安中学,733,否,50,406,134,132,131
长宁区,上海市虹桥中学,上海市复旦中学,726.5,否,50,405,132,130,129
长宁区,上海市延安实验初级中学,上海市第三女子中学,714,否,50,393,122,129,129
长宁区,上海市延安实验初级中学,上海市延安中学,737,否,50,411,146,124,135
长宁区,上海市延安实验初级中学,上海市复旦中学,727,否,50,401,130,135,138
长宁区,上海市延安实验初级中学,上海交通大学附属中学,753.5,否,50,413.5,141,127,142
长宁区,上海市复旦初级中学,上海市第三女子中学,711.5,否,50,385.5,123,124,133
长宁区,上海市复旦初级中学,上海市延安中学,748,否,50,408,138,129,145
长宁区,上海市复旦初级中学,上海市复旦中学,733,否,50,397,130,124,140
长宁区,上海市复旦初级中学,复旦大学附属中学,760.5,否,50,414.5,143,129,149
长宁区,上海市泸定中学,上海市第三女子中学,703.5,否,50,393.5,135,123,117
长宁区,上海市泸定中学,上海市延安中学,742.5,否,50,412.5,143,124,135
长宁区,上海市泸定中学,上海市复旦中学,730,否,50,397,131,120,136
长宁区,上海市娄山中学,上海市第三女子中学,718,否,50,391,113,134,131
长宁区,上海市娄山中学,上海市延安中学,747.5,否,50,409.5,130,133,140
长宁区,上海市娄山中学,上海市复旦中学,728.5,否,50,394.5,122,127,139
长宁区,上海市西延安中学,上海市第三女子中学,704.5,否,50,387.5,121,126,130
长宁区,上海市西延安中学,上海市延安中学,747,否,50,417,145,128,138
长宁区,上海市西延安中学,上海市复旦中学,731,否,50,397.5,133,121,140
长宁区,上海市西延安中学,华东师范大学第二附属中学,762.5,否,50,423,146,131,144
长宁区,上海市新泾中学,上海市第三女子中学,721.5,否,50,382.5,114,123,143
长宁区,上海市新泾中学,上海市延安中学,744.5,否,50,413.5,144,126,139
长宁区,上海市新泾中学,上海市复旦中学,730,否,50,394,130,124,141
长宁区,上海市新泾中学,上海师范大学附属中学,745.5,否,50,405.5,133,126,145
长宁区,上海市民办新世纪中学,上海市第三女子中学,698.5,否,50,379.5,114,125,125
长宁区,上海市民办新世纪中学,上海市延安中学,744.5,否,50,404.5,136,125,145
长宁区,上海市民办新世纪中学,上海市复旦中学,734.5,否,50,403.5,142,121,136
长宁区,上海市民办新世纪中学,复旦大学附属中学,760,否,50,420,148,131,145
长宁区,上海市延安初级中学,上海市第三女子中学,712.5,否,50,391.5,115,136,124
长宁区,上海市延安初级中学,上海市延安中学,747.5,否,50,409.5,128,136,141
长宁区,上海市延安初级中学,上海市复旦中学,724,否,50,395.5,128,128,135
长宁区,上海市延安初级中学,上海交通大学附属中学,765.5,否,50,429.5,144,140,139
长宁区,上海市建青实验学校,上海市第三女子中学,717.5,否,50,387,115,131,135
长宁区,上海市建青实验学校,上海市延安中学,753,否,50,414,137,133,143
长宁区,上海市建青实验学校,上海市复旦中学,743.5,否,50,405,134,128,143
长宁区,上海市西郊学校,上海市第三女子中学,701.5,否,50,388.5,118,139,123
长宁区,上海市西郊学校,上海市延安中学,729.5,否,50,394.5,119,132,140
长宁区,上海市西郊学校,上海市复旦中学,702,否,50,385,121,130,125
长宁区,华东政法大学附属中学,上海市第三女子中学,710,否,50,381,119,122,132
长宁区,华东政法大学附属中学,上海市延安中学,748.5,否,50,409.5,142,124,143
长宁区,华东政法大学附属中学,上海市复旦中学,730.5,否,50,404,129,129,134
长宁区,华东政法大学附属中学,华东师范大学第二附属中学,765,否,50,419,148,124,149
长宁区,上海市仙霞高级中学,上海市第三女子中学,718,否,50,402,135,124,124
长宁区,上海市仙霞高级中学,上海市延安中学,745.5,否,50,403.5,137,122,144
长宁区,上海市仙霞高级中学,上海市复旦中学,729,否,50,394,120,129,142
长宁区,上海市开元学校,上海市上海中学,764.5,否,50,424.5,142,133,144
长宁区,上海市开元学校,上海市第三女子中学,713.5,否,50,380.5,109,131,137
长宁区,上海市开元学校,上海市延安中学,742.5,否,50,406.5,133,131,144
长宁区,上海市开元学校,上海市复旦中学,733.5,否,50,399.5,124,132,139
闵行区,上海市航华中学,上海市向明中学（浦江校区）,726.5,否,50,401,138,125,135
闵行区,上海市航华中学,上海市上海中学,764,否,50,427,144,138,142
闵行区,上海市航华中学,上海市七宝中学,738,否,50,402,137,127,143
闵行区,上海市航华中学,华东师范大学第二附属中学闵行紫竹分校,739,否,50,405,135,125,142
闵行区,上海市航华中学,上海师范大学附属中学闵行分校,729,否,50,393,123,125,139
闵行区,上海市航华中学,上海交通大学附属中学闵行分校,743.5,否,50,408.5,140,128,142
闵行区,上海市航华中学,上海市闵行中学,721.5,否,50,393.5,123,129,140
闵行区,上海市闵行区上虹中学,上海市向明中学（浦江校区）,738,否,50,405,128,133,142
闵行区,上海市闵行区上虹中学,上海市上海中学,767.5,否,50,426.5,146,135,143
闵行区,上海市闵行区上虹中学,上海市七宝中学,752.5,否,50,417.5,146,130,142
闵行区,上海市闵行区上虹中学,华东师范大学第二附属中学闵行紫竹分校,747.5,否,50,419.5,138,140,135
闵行区,上海市闵行区上虹中学,上海师范大学附属中学闵行分校,745,否,50,404,142,115,145
闵行区,上海市闵行区上虹中学,上海交通大学附属中学闵行分校,761,否,50,420,147,130,148
闵行区,上海市闵行区上虹中学,上海市闵行中学,729.5,否,50,406.5,134,128,133
闵行区,上海市龙柏中学,上海市第二中学（梅陇校区）,744,否,50,408,128,131,133
闵行区,上海市龙柏中学,复旦大学附属中学,766.5,否,50,422.5,143,134,148
闵行区,上海市龙柏中学,上海市七宝中学,755,否,50,417,145,131,144
闵行区,上海市龙柏中学,华东师范大学第二附属中学闵行紫竹分校,753,否,50,415.5,141,132,143
闵行区,上海市龙柏中学,上海师范大学附属中学闵行分校,743,否,50,406,143,119,145
闵行区,上海市龙柏中学,上海交通大学附属中学闵行分校,757,否,50,422,142,136,140
闵行区,上海市龙柏中学,上海市闵行中学,733,否,50,396,127,124,143
闵行区,上海市闵行区七宝第二中学,上海市向明中学（浦江校区）,736,否,50,406,131,130,133
闵行区,上海市闵行区七宝第二中学,上海市第二中学（梅陇校区）,745,否,50,404,135,133,146
闵行区,上海市闵行区七宝第二中学,上海市上海中学,768.5,否,50,428.5,146,136,144
闵行区,上海市闵行区七宝第二中学,上海市七宝中学,758,否,50,421,142,132,144
闵行区,上海市闵行区七宝第二中学,华东师范大学第二附属中学闵行紫竹分校,751,否,50,418,143,130,140
闵行区,上海市闵行区七宝第二中学,上海师范大学附属中学闵行分校,745,否,50,407,124,136,143
闵行区,上海市闵行区七宝第二中学,上海交通大学附属中学闵行分校,754.5,否,50,414.5,143,129,147
闵行区,上海市闵行区七宝第二中学,上海市闵行中学,732.5,否,50,391.5,115,133,145
闵行区,上海市闵行区七宝第二中学,上海师范大学附属中学,749.5,否,50,406.5,138,127,147
闵行区,上海市罗阳中学,上海市向明中学（浦江校区）,736.5,否,50,396.5,146,109,145
闵行区,上海市罗阳中学,上海市第二中学（梅陇校区）,742,否,50,402,143,122,145
闵行区,上海市罗阳中学,复旦大学附属中学,767.5,否,50,420.5,137,135,149
闵行区,上海市罗阳中学,上海市七宝中学,755,否,50,417,142,132,142
闵行区,上海市罗阳中学,华东师范大学第二附属中学闵行紫竹分校,751.5,否,50,419.5,137,136,135
闵行区,上海市罗阳中学,上海师范大学附属中学闵行分校,752,否,50,414,140,131,143
闵行区,上海市罗阳中学,上海交通大学附属中学闵行分校,763.5,否,50,419.5,142,134,148
闵行区,上海市罗阳中学,上海市闵行中学,737.5,否,50,405.5,142,124,137
闵行区,上海市闵行区莘松中学,上海市向明中学（浦江校区）,738,否,50,410,134,132,138
闵行区,上海市闵行区莘松中学,上海市第二中学（梅陇校区）,744,否,50,405,134,131,146
闵行区,上海市闵行区莘松中学,上海市七宝中学,762.5,否,50,418.5,139,133,147
闵行区,上海市闵行区莘松中学,华东师范大学第二附属中学闵行紫竹分校,758,否,50,420,137,135,142
闵行区,上海市闵行区莘松中学,上海师范大学附属中学闵行分校,744.5,否,50,411.5,142,130,144
闵行区,上海市闵行区莘松中学,上海交通大学附属中学闵行分校,762.5,否,50,423.5,146,130,143
闵行区,上海市闵行区莘松中学,上海市闵行中学,737.5,否,50,398,134,121,145
闵行区,上海市闵行区莘松中学,华东师范大学第二附属中学,769.5,否,50,430.5,143,141,145
闵行区,上海市闵行区莘松中学,上海师范大学附属中学,738,否,50,400,117,134,142
闵行区,上海市七宝中学附属闵行金都实验中学,上海市向明中学（浦江校区）,735,否,50,401.5,130,126,141
闵行区,上海市七宝中学附属闵行金都实验中学,上海交通大学附属中学,725,否,50,397,121,134,132
闵行区,上海市七宝中学附属闵行金都实验中学,上海市七宝中学,751,否,50,413,134,135,143
闵行区,上海市七宝中学附属闵行金都实验中学,华东师范大学第二附属中学闵行紫竹分校,747.5,否,50,411.5,142,127,146
闵行区,上海市七宝中学附属闵行金都实验中学,上海师范大学附属中学闵行分校,743,否,50,405,138,126,146
闵行区,上海市七宝中学附属闵行金都实验中学,上海交通大学附属中学闵行分校,749.5,否,50,411.5,134,131,142
闵行区,上海市七宝中学附属闵行金都实验中学,上海市闵行中学,734,否,50,407,133,131,131
闵行区,上海市闵行区北桥中学,上海市向明中学（浦江校区）,742.5,否,50,399.5,135,126,145
闵行区,上海市闵行区北桥中学,上海市第二中学（梅陇校区）,741,否,50,397.5,133,121,147
闵行区,上海市闵行区北桥中学,上海市七宝中学,749.5,否,50,406.5,137,128,148
闵行区,上海市闵行区北桥中学,华东师范大学第二附属中学闵行紫竹分校,754,否,50,415.5,142,127,143
闵行区,上海市闵行区北桥中学,上海师范大学附属中学闵行分校,746,否,50,409,137,133,143
闵行区,上海市闵行区北桥中学,上海交通大学附属中学闵行分校,756.5,否,50,419.5,139,136,141
闵行区,上海市闵行区北桥中学,上海市闵行中学,739.5,否,50,400.5,132,124,143
闵行区,上海市闵行区北桥中学,华东师范大学第二附属中学,769.5,否,50,425,147,132,150
闵行区,上海市闵行区浦江第一中学,上海市向明中学（浦江校区）,739.5,否,50,406.5,145,121,137
闵行区,上海市闵行区浦江第一中学,复旦大学附属中学,768,否,50,433,144,141,142
闵行区,上海市闵行区浦江第一中学,上海市七宝中学,706,否,50,381,120,120,131
闵行区,上海市闵行区浦江第一中学,华东师范大学第二附属中学闵行紫竹分校,748,否,50,409,134,130,144
闵行区,上海市闵行区浦江第一中学,上海师范大学附属中学闵行分校,741.5,否,50,403.5,140,127,144
闵行区,上海市闵行区浦江第一中学,上海交通大学附属中学闵行分校,736.5,否,50,404.5,138,122,137
闵行区,上海市闵行区浦江第一中学,上海市闵行中学,731,否,50,399.5,136,119,143
闵行区,上海市闵行区浦江第二中学,上海市第二中学（梅陇校区）,721.5,否,50,395.5,125,128,132
闵行区,上海市闵行区浦江第二中学,复旦大学附属中学,751,否,50,415.5,140,130,141
闵行区,上海市闵行区浦江第二中学,上海市七宝中学,748,否,50,410.5,135,133,144
闵行区,上海市闵行区浦江第二中学,华东师范大学第二附属中学闵行紫竹分校,740.5,否,50,403.5,128,131,142
闵行区,上海市闵行区浦江第二中学,上海师范大学附属中学闵行分校,739.5,否,50,405.5,136,129,144
闵行区,上海市闵行区浦江第二中学,上海交通大学附属中学闵行分校,751.5,否,50,414.5,135,136,138
闵行区,上海市闵行区浦江第二中学,上海市闵行中学,724,否,50,396,128,127,131
闵行区,上海市闵行区浦江第三中学,上海市第二中学（梅陇校区）,729.5,否,50,395.5,128,127,142
闵行区,上海市闵行区浦江第三中学,上海交通大学附属中学,763,否,50,423,146,131,145
闵行区,上海市闵行区浦江第三中学,上海市七宝中学,731,否,50,395.5,129,128,139
闵行区,上海市闵行区浦江第三中学,华东师范大学第二附属中学闵行紫竹分校,751,否,50,413,139,132,141
闵行区,上海市闵行区浦江第三中学,上海师范大学附属中学闵行分校,731.5,否,50,387,118,127,145
闵行区,上海市闵行区浦江第三中学,上海交通大学附属中学闵行分校,746.5,否,50,407.5,140,128,146
闵行区,上海市闵行区浦江第三中学,上海市闵行中学,727.5,否,50,402,137,127,130
闵行区,上海市闵行第四中学,上海市向明中学（浦江校区）,722.5,否,50,386,129,114,147
闵行区,上海市闵行第四中学,上海市第二中学（梅陇校区）,735,否,50,401,130,129,139
闵行区,上海市闵行第四中学,上海市七宝中学,735,否,50,399,123,130,144
闵行区,上海市闵行第四中学,华东师范大学第二附属中学闵行紫竹分校,736,否,50,409,137,131,135
闵行区,上海市闵行第四中学,上海师范大学附属中学闵行分校,727.5,否,50,393.5,132,118,140
闵行区,上海市闵行第四中学,上海交通大学附属中学闵行分校,751,否,50,413,144,121,146
闵行区,上海市闵行第四中学,上海市闵行中学,734,否,50,397,126,125,144
闵行区,上海市闵行区颛桥中学,上海市向明中学（浦江校区）,736.5,否,50,404.5,129,132,137
闵行区,上海市闵行区颛桥中学,上海市第二中学（梅陇校区）,744.5,否,50,409.5,134,130,139
闵行区,上海市闵行区颛桥中学,上海市七宝中学,759,否,50,417,142,129,145
闵行区,上海市闵行区颛桥中学,华东师范大学第二附属中学闵行紫竹分校,750.5,否,50,417.5,139,133,139
闵行区,上海市闵行区颛桥中学,上海师范大学附属中学闵行分校,746,否,50,412,132,134,138
闵行区,上海市闵行区颛桥中学,上海交通大学附属中学闵行分校,758.5,否,50,415.5,145,128,147
闵行区,上海市闵行区颛桥中学,上海市闵行中学,740,否,50,413,137,132,134
闵行区,上海市闵行区颛桥中学,上海师范大学附属中学,738,否,50,404,126,135,142
闵行区,上海市实验学校西校,上海市向明中学（浦江校区）,737.5,否,50,410.5,135,134,136
闵行区,上海市实验学校西校,上海市第二中学（梅陇校区）,752.5,否,50,409.5,134,131,145
闵行区,上海市实验学校西校,上海交通大学附属中学,769.5,否,50,426.5,146,134,145
闵行区,上海市实验学校西校,上海市七宝中学,766.5,否,50,423.5,146,131,144
闵行区,上海市实验学校西校,华东师范大学第二附属中学闵行紫竹分校,756.5,否,50,416.5,134,134,146
闵行区,上海市实验学校西校,上海师范大学附属中学闵行分校,747.5,否,50,412.5,131,136,137
闵行区,上海市实验学校西校,上海交通大学附属中学闵行分校,763.5,否,50,420.5,141,133,145
闵行区,上海市实验学校西校,上海市闵行中学,739.5,否,50,404.5,132,129,139
闵行区,上海市闵行区鹤北初级中学,上海市向明中学（浦江校区）,732.5,否,50,403.5,135,124,133
闵行区,上海市闵行区鹤北初级中学,上海市七宝中学,739,否,50,403,129,130,139
闵行区,上海市闵行区鹤北初级中学,华东师范大学第二附属中学闵行紫竹分校,739.5,否,50,403.5,132,129,142
闵行区,上海市闵行区鹤北初级中学,上海师范大学附属中学闵行分校,728,否,50,404,128,131,130
闵行区,上海市闵行区鹤北初级中学,上海交通大学附属中学闵行分校,755.5,否,50,418.5,142,128,143
闵行区,上海市闵行区鹤北初级中学,上海市闵行中学,737.5,否,50,401.5,124,137,143
闵行区,上海市闵行区龙茗中学,上海市向明中学（浦江校区）,730,否,50,399,131,124,137
闵行区,上海市闵行区龙茗中学,上海市第二中学（梅陇校区）,748.5,否,50,411,137,130,144
闵行区,上海市闵行区龙茗中学,上海市七宝中学,756,否,50,416,145,124,149
闵行区,上海市闵行区龙茗中学,华东师范大学第二附属中学闵行紫竹分校,751.5,否,50,411.5,139,127,144
闵行区,上海市闵行区龙茗中学,上海师范大学附属中学闵行分校,744,否,50,415,139,131,137
闵行区,上海市闵行区龙茗中学,上海交通大学附属中学闵行分校,752.5,否,50,413.5,144,126,143
闵行区,上海市闵行区龙茗中学,上海市闵行中学,734.5,否,50,407.5,132,134,136
闵行区,上海市闵行区龙茗中学,上海师范大学附属中学,733,否,50,403,137,120,145
闵行区,上海市七宝实验中学,上海市向明中学（浦江校区）,725,否,50,397,122,132,138
闵行区,上海市七宝实验中学,上海市第二中学（梅陇校区）,751,否,50,415,137,133,139
闵行区,上海市七宝实验中学,上海市七宝中学,763,否,50,423,141,135,145
闵行区,上海市七宝实验中学,华东师范大学第二附属中学闵行紫竹分校,755.5,否,50,420.5,138,134,136
闵行区,上海市七宝实验中学,上海师范大学附属中学闵行分校,744.5,否,50,409.5,139,125,139
闵行区,上海市七宝实验中学,上海交通大学附属中学闵行分校,761,否,50,420,144,130,147
闵行区,上海市七宝实验中学,上海市闵行中学,731.5,否,50,397.5,129,125,141
闵行区,上海市七宝实验中学,上海师范大学附属中学,739.5,否,50,410.5,137,128,134
闵行区,上海市师资培训中心附属闵行实验中学,上海市向明中学（浦江校区）,733.5,否,50,398.5,133,121,139
闵行区,上海市师资培训中心附属闵行实验中学,上海市七宝中学,762.5,否,50,419.5,141,131,146
闵行区,上海市师资培训中心附属闵行实验中学,华东师范大学第二附属中学闵行紫竹分校,751,否,50,417,143,129,140
闵行区,上海市师资培训中心附属闵行实验中学,上海师范大学附属中学闵行分校,744,否,50,403,134,128,147
闵行区,上海市师资培训中心附属闵行实验中学,上海交通大学附属中学闵行分校,759,否,50,421,145,130,142
闵行区,上海市师资培训中心附属闵行实验中学,上海市闵行中学,734,否,50,408,134,129,131
闵行区,上海市师资培训中心附属闵行实验中学,上海师范大学附属中学,743.5,否,50,405.5,124,133,143
闵行区,上海市吴泾中学,上海市向明中学（浦江校区）,738,否,50,405.5,138,124,138
闵行区,上海市吴泾中学,上海市上海中学,751.5,否,50,408.5,142,123,147
闵行区,上海市吴泾中学,上海市七宝中学,743.5,否,50,407.5,134,127,140
闵行区,上海市吴泾中学,华东师范大学第二附属中学闵行紫竹分校,750.5,否,50,412.5,140,128,147
闵行区,上海市吴泾中学,上海师范大学附属中学闵行分校,748.5,否,50,409.5,133,134,145
闵行区,上海市吴泾中学,上海交通大学附属中学闵行分校,752.5,否,50,410.5,146,122,147
闵行区,上海市吴泾中学,上海市闵行中学,736.5,否,50,402.5,139,120,138
闵行区,上海市闵行区七宝第三中学,上海市向明中学（浦江校区）,739.5,否,50,403.5,126,135,142
闵行区,上海市闵行区七宝第三中学,上海市第二中学（梅陇校区）,745.5,否,50,408.5,144,122,142
闵行区,上海市闵行区七宝第三中学,上海交通大学附属中学,767,否,50,425,146,133,145
闵行区,上海市闵行区七宝第三中学,上海市七宝中学,761,否,50,417,147,123,146
闵行区,上海市闵行区七宝第三中学,华东师范大学第二附属中学闵行紫竹分校,757.5,否,50,414.5,142,130,148
闵行区,上海市闵行区七宝第三中学,上海师范大学附属中学闵行分校,746,否,50,409,136,126,141
闵行区,上海市闵行区七宝第三中学,上海交通大学附属中学闵行分校,756.5,否,50,412.5,143,127,147
闵行区,上海市闵行区七宝第三中学,上海市闵行中学,740,否,50,408,138,127,137
闵行区,华东师范大学第二附属中学附属初级中学,上海市向明中学（浦江校区）,737,否,50,404,136,132,141
闵行区,华东师范大学第二附属中学附属初级中学,上海市第二中学（梅陇校区）,740.5,否,50,409.5,140,128,137
闵行区,华东师范大学第二附属中学附属初级中学,上海市上海中学,763.5,否,50,421.5,140,136,144
闵行区,华东师范大学第二附属中学附属初级中学,上海市七宝中学,755.5,否,50,415,140,133,145
闵行区,华东师范大学第二附属中学附属初级中学,华东师范大学第二附属中学闵行紫竹分校,758.5,否,50,421.5,144,131,146
闵行区,华东师范大学第二附属中学附属初级中学,上海师范大学附属中学闵行分校,741.5,否,50,402.5,127,136,143
闵行区,华东师范大学第二附属中学附属初级中学,上海交通大学附属中学闵行分校,761,否,50,415,142,129,150
闵行区,华东师范大学第二附属中学附属初级中学,上海市闵行中学,735.5,否,50,399.5,131,130,143
闵行区,上海市闵行区浦航实验中学,上海市第二中学（梅陇校区）,733.5,否,50,399.5,130,125,139
闵行区,上海市闵行区浦航实验中学,上海交通大学附属中学,771,否,50,424,142,135,148
闵行区,上海市闵行区浦航实验中学,上海市七宝中学,753.5,否,50,422.5,146,131,137
闵行区,上海市闵行区浦航实验中学,华东师范大学第二附属中学闵行紫竹分校,753,否,50,423,148,134,137
闵行区,上海市闵行区浦航实验中学,上海师范大学附属中学闵行分校,741.5,否,50,405.5,136,128,140
闵行区,上海市闵行区浦航实验中学,上海交通大学附属中学闵行分校,753,否,50,411,150,116,147
闵行区,上海市闵行区浦航实验中学,上海市闵行中学,734,否,50,401.5,131,131,137
闵行区,上海市闵行区马桥复旦万科实验中学,上海市向明中学（浦江校区）,740,否,50,405,137,122,140
闵行区,上海市闵行区马桥复旦万科实验中学,上海市第二中学（梅陇校区）,742,否,50,408,142,122,144
闵行区,上海市闵行区马桥复旦万科实验中学,上海市七宝中学,755.5,否,50,414.5,142,128,143
闵行区,上海市闵行区马桥复旦万科实验中学,华东师范大学第二附属中学闵行紫竹分校,753.5,否,50,414.5,133,135,143
闵行区,上海市闵行区马桥复旦万科实验中学,上海师范大学附属中学闵行分校,747.5,否,50,417.5,142,128,136
闵行区,上海市闵行区马桥复旦万科实验中学,上海交通大学附属中学闵行分校,762.5,否,50,417.5,146,127,148
闵行区,上海市闵行区马桥复旦万科实验中学,上海市闵行中学,740.5,否,50,407.5,142,131,138
闵行区,上海市闵行区马桥复旦万科实验中学,华东师范大学第二附属中学,768,否,50,426,140,139,144
闵行区,上海中医药大学附属闵行晶城中,上海市第二中学（梅陇校区）,745,否,50,407,128,133,141
闵行区,上海中医药大学附属闵行晶城中,上海市七宝中学,757.5,否,50,418.5,127,144,141
闵行区,上海中医药大学附属闵行晶城中,华东师范大学第二附属中学闵行紫竹分校,756.5,否,50,413.5,134,133,146
闵行区,上海中医药大学附属闵行晶城中,上海师范大学附属中学闵行分校,747,否,50,408,136,125,142
闵行区,上海中医药大学附属闵行晶城中,上海交通大学附属中学闵行分校,757,否,50,418,148,127,143
闵行区,上海中医药大学附属闵行晶城中,上海市闵行中学,736,否,50,406,134,128,133
闵行区,上海中医药大学附属闵行晶城中,上海师范大学附属中学,739.5,否,50,403,140,118,139
闵行区,上海师范大学附属闵行第三中学,上海市向明中学（浦江校区）,737,否,50,398,126,129,145
闵行区,上海师范大学附属闵行第三中学,上海市七宝中学,748.5,否,50,410.5,139,127,142
闵行区,上海师范大学附属闵行第三中学,华东师范大学第二附属中学闵行紫竹分校,747,否,50,413.5,140,133,141
闵行区,上海师范大学附属闵行第三中学,上海师范大学附属中学闵行分校,736.5,否,50,406,131,132,136
闵行区,上海师范大学附属闵行第三中学,上海交通大学附属中学闵行分校,756.5,否,50,419,132,143,142
闵行区,上海师范大学附属闵行第三中学,上海市闵行中学,732.5,否,50,397.5,133,126,140
闵行区,上海市闵行区田园外国语中学,上海市向明中学（浦江校区）,740.5,否,50,404.5,129,130,141
闵行区,上海市闵行区田园外国语中学,上海市上海中学,762.5,否,50,416.5,140,131,149
闵行区,上海市闵行区田园外国语中学,上海市七宝中学,758.5,否,50,425.5,148,134,139
闵行区,上海市闵行区田园外国语中学,华东师范大学第二附属中学闵行紫竹分校,756,否,50,419,142,133,139
闵行区,上海市闵行区田园外国语中学,上海师范大学附属中学闵行分校,745.5,否,50,411.5,142,126,142
闵行区,上海市闵行区田园外国语中学,上海交通大学附属中学闵行分校,755.5,否,50,414,141,127,147
闵行区,上海市闵行区田园外国语中学,上海市闵行中学,741,否,50,400,135,121,143
闵行区,上海市闵行中学附属实验中学,上海市向明中学（浦江校区）,739,否,50,407,134,127,138
闵行区,上海市闵行中学附属实验中学,上海市上海中学,763.5,否,50,420.5,145,130,147
闵行区,上海市闵行中学附属实验中学,上海市七宝中学,748.5,否,50,411.5,136,129,141
闵行区,上海市闵行中学附属实验中学,华东师范大学第二附属中学闵行紫竹分校,752.5,否,50,414.5,144,124,144
闵行区,上海市闵行中学附属实验中学,上海师范大学附属中学闵行分校,739.5,否,50,403.5,135,127,143
闵行区,上海市闵行中学附属实验中学,上海交通大学附属中学闵行分校,745.5,否,50,407.5,134,130,140
闵行区,上海市闵行中学附属实验中学,上海市闵行中学,740.5,否,50,402.5,133,130,143
闵行区,上海尚师初级中学,上海市向明中学（浦江校区）,743.5,否,50,402.5,135,126,145
闵行区,上海尚师初级中学,上海市第二中学（梅陇校区）,737,否,50,402,123,136,143
闵行区,上海尚师初级中学,上海市七宝中学,760.5,否,50,415.5,134,136,147
闵行区,上海尚师初级中学,华东师范大学第二附属中学闵行紫竹分校,760,否,50,421,140,133,141
闵行区,上海尚师初级中学,上海师范大学附属中学闵行分校,750,否,50,413,136,132,142
闵行区,上海尚师初级中学,上海交通大学附属中学闵行分校,770,否,50,424,146,132,149
闵行区,上海尚师初级中学,上海市闵行中学,729,否,50,408,140,120,130
闵行区,上海尚师初级中学,华东师范大学第二附属中学,766.5,否,50,427.5,150,134,146
闵行区,上海市骏博外国语学校,上海市第二中学（梅陇校区）,741.5,否,50,407.5,127,134,140
闵行区,上海市骏博外国语学校,上海交通大学附属中学,769,否,50,424,146,132,148
闵行区,上海市骏博外国语学校,上海市七宝中学,762.5,否,50,423.5,143,136,143
闵行区,上海市骏博外国语学校,华东师范大学第二附属中学闵行紫竹分校,751.5,否,50,417.5,148,129,140
闵行区,上海市骏博外国语学校,上海师范大学附属中学闵行分校,741.5,否,50,406.5,137,122,142
闵行区,上海市骏博外国语学校,上海交通大学附属中学闵行分校,767,否,50,420,146,129,149
闵行区,上海市骏博外国语学校,上海市闵行中学,726.5,否,50,400.5,132,123,134
闵行区,上海市闵行第三中学,上海市向明中学（浦江校区）,738,否,50,405,132,134,139
闵行区,上海市闵行第三中学,上海市七宝中学,729,否,50,397.5,135,124,137
闵行区,上海市闵行第三中学,华东师范大学第二附属中学闵行紫竹分校,744,否,50,403,130,131,145
闵行区,上海市闵行第三中学,上海师范大学附属中学闵行分校,735.5,否,50,409.5,140,126,131
闵行区,上海市闵行第三中学,上海交通大学附属中学闵行分校,754,否,50,411,141,132,146
闵行区,上海市闵行第三中学,上海市闵行中学,741.5,否,50,405.5,142,124,140
闵行区,上海交通大学附属第二中学,上海市向明中学（浦江校区）,739,否,50,392,125,126,148
闵行区,上海交通大学附属第二中学,上海市第二中学（梅陇校区）,748.5,否,50,406.5,132,131,145
闵行区,上海交通大学附属第二中学,上海市七宝中学,756.5,否,50,417.5,142,134,145
闵行区,上海交通大学附属第二中学,华东师范大学第二附属中学闵行紫竹分校,755.5,否,50,419.5,144,131,142
闵行区,上海交通大学附属第二中学,上海师范大学附属中学闵行分校,746,否,50,406,125,136,143
闵行区,上海交通大学附属第二中学,上海交通大学附属中学闵行分校,766,否,50,421,145,128,147
闵行区,上海交通大学附属第二中学,上海市闵行中学,741.5,否,50,401.5,127,129,144
闵行区,上海交通大学附属第二中学,华东师范大学第二附属中学,763,否,50,421,141,133,145
闵行区,上海市民办上宝中学,上海市向明中学（浦江校区）,741.5,否,50,406.5,142,119,138
闵行区,上海市民办上宝中学,上海市第二中学（梅陇校区）,740,否,50,405,126,133,137
闵行区,上海市民办上宝中学,上海市上海中学,770,否,50,425,149,131,148
闵行区,上海市民办上宝中学,上海市七宝中学,758.5,否,50,420.5,143,131,139
闵行区,上海市民办上宝中学,华东师范大学第二附属中学闵行紫竹分校,753,否,50,414,137,132,143
闵行区,上海市民办上宝中学,上海师范大学附属中学闵行分校,750.5,否,50,409.5,143,126,146
闵行区,上海市民办上宝中学,上海交通大学附属中学闵行分校,758.5,否,50,420.5,136,139,140
闵行区,上海市民办上宝中学,上海市闵行中学,737.5,否,50,402.5,132,135,141
闵行区,上海市七宝中学附属鑫都实验中,上海市向明中学（浦江校区）,735.5,否,50,411.5,136,131,131
闵行区,上海市七宝中学附属鑫都实验中,上海市第二中学（梅陇校区）,743.5,否,50,415.5,139,128,134
闵行区,上海市七宝中学附属鑫都实验中,上海市上海中学,770,否,50,425.5,146,134,148
闵行区,上海市七宝中学附属鑫都实验中,上海市七宝中学,758,否,50,422.5,141,136,141
闵行区,上海市七宝中学附属鑫都实验中,华东师范大学第二附属中学闵行紫竹分校,751.5,是,,,,,
闵行区,上海市七宝中学附属鑫都实验中,上海师范大学附属中学闵行分校,747,否,50,406,135,128,143
闵行区,上海市七宝中学附属鑫都实验中,上海交通大学附属中学闵行分校,759.5,否,50,422,140,138,142
闵行区,上海市七宝中学附属鑫都实验中,上海市闵行中学,739,否,50,405,132,132,137
闵行区,上海市文来中学,上海市向明中学（浦江校区）,740,否,50,407,131,133,139
闵行区,上海市文来中学,上海市第二中学（梅陇校区）,738,否,50,410,146,125,136
闵行区,上海市文来中学,上海交通大学附属中学,768,否,50,428,147,135,146
闵行区,上海市文来中学,上海市七宝中学,762.5,否,50,421.5,147,132,144
闵行区,上海市文来中学,华东师范大学第二附属中学闵行紫竹分校,754,否,50,414,134,137,144
闵行区,上海市文来中学,上海师范大学附属中学闵行分校,742.5,否,50,403,124,132,142
闵行区,上海市文来中学,上海交通大学附属中学闵行分校,758,否,50,416,144,130,147
闵行区,上海市文来中学,上海市闵行中学,732.5,否,50,400.5,141,117,141
闵行区,上海市民办文绮中学,上海市第二中学（梅陇校区）,739.5,否,50,404.5,138,129,141
闵行区,上海市民办文绮中学,上海交通大学附属中学,771,否,50,427,146,134,146
闵行区,上海市民办文绮中学,上海市七宝中学,749.5,否,50,414.5,146,125,147
闵行区,上海市民办文绮中学,华东师范大学第二附属中学闵行紫竹分校,755.5,否,50,421.5,145,133,140
闵行区,上海市民办文绮中学,上海师范大学附属中学闵行分校,745,否,50,409,131,134,139
闵行区,上海市民办文绮中学,上海交通大学附属中学闵行分校,758.5,否,50,418.5,140,132,146
闵行区,上海市民办文绮中学,上海市闵行中学,743,否,50,401,138,128,145
闵行区,上海闵行区协和双语教科学校,上海市向明中学（浦江校区）,723,否,50,386,134,122,146
闵行区,上海闵行区协和双语教科学校,上海市第二中学（梅陇校区）,736.5,否,50,400.5,131,125,142
闵行区,上海闵行区协和双语教科学校,上海市七宝中学,767.5,否,50,423,146,129,148
闵行区,上海闵行区协和双语教科学校,华东师范大学第二附属中学闵行紫竹分校,758,否,50,417,140,130,147
闵行区,上海闵行区协和双语教科学校,上海师范大学附属中学闵行分校,734.5,否,50,403,143,118,139
闵行区,上海闵行区协和双语教科学校,上海交通大学附属中学闵行分校,761,否,50,420,143,129,147
闵行区,上海闵行区协和双语教科学校,上海市闵行中学,726,否,50,403,122,133,131
闵行区,上海闵行区协和双语教科学校,上海师范大学附属中学,739,否,50,403,124,134,143
闵行区,上海市闵行区诸翟学校,上海市向明中学（浦江校区）,739,否,50,399,129,126,142
闵行区,上海市闵行区诸翟学校,上海市七宝中学,747.5,否,50,409.5,136,128,142
闵行区,上海市闵行区诸翟学校,华东师范大学第二附属中学闵行紫竹分校,742.5,否,50,406.5,136,130,141
闵行区,上海市闵行区诸翟学校,上海师范大学附属中学闵行分校,729.5,否,50,396,125,128,140
闵行区,上海市闵行区诸翟学校,上海交通大学附属中学闵行分校,732,否,50,397.5,138,133,144
闵行区,上海市闵行区诸翟学校,上海市闵行中学,728.5,否,50,393.5,124,126,138
闵行区,上海市闵行区诸翟学校,华东师范大学第二附属中学,758.5,否,50,421.5,149,123,144
闵行区,华东师范大学附属闵行虹桥学校,上海市第二中学（梅陇校区）,736.5,否,50,402.5,126,132,138
闵行区,华东师范大学附属闵行虹桥学校,上海市七宝中学,753.5,否,50,417.5,144,130,142
闵行区,华东师范大学附属闵行虹桥学校,华东师范大学第二附属中学闵行紫竹分校,748,否,50,408,139,123,142
闵行区,华东师范大学附属闵行虹桥学校,上海师范大学附属中学闵行分校,730,否,50,394,142,112,142
闵行区,华东师范大学附属闵行虹桥学校,上海交通大学附属中学闵行分校,761,否,50,419,143,133,146
闵行区,华东师范大学附属闵行虹桥学校,上海市闵行中学,718,否,50,385,110,134,137
闵行区,华东师范大学附属闵行虹桥学校,上海师范大学附属中学,724.5,否,50,393.5,125,127,136
闵行区,上海市莘光学校,上海市向明中学（浦江校区）,742,否,50,408,133,135,140
闵行区,上海市莘光学校,上海市第二中学（梅陇校区）,744.5,否,50,408.5,129,135,140
闵行区,上海市莘光学校,复旦大学附属中学,770,否,50,428,146,136,148
闵行区,上海市莘光学校,上海市七宝中学,763,否,50,424,145,132,143
闵行区,上海市莘光学校,华东师范大学第二附属中学闵行紫竹分校,754.5,否,50,419.5,146,131,140
闵行区,上海市莘光学校,上海师范大学附属中学闵行分校,749,否,50,414,140,131,141
闵行区,上海市莘光学校,上海交通大学附属中学闵行分校,759,否,50,426,150,130,139
闵行区,上海市莘光学校,上海市闵行中学,741,否,50,413,140,128,135
闵行区,上海市闵行区纪王学校,上海市向明中学（浦江校区）,729.5,否,50,397.5,135,123,138
闵行区,上海市闵行区纪王学校,复旦大学附属中学,743.5,否,50,400.5,134,124,147
闵行区,上海市闵行区纪王学校,上海市七宝中学,730,否,50,398,132,122,141
闵行区,上海市闵行区纪王学校,华东师范大学第二附属中学闵行紫竹分校,729,否,50,391,119,127,145
闵行区,上海市闵行区纪王学校,上海师范大学附属中学闵行分校,725.5,否,50,393.5,124,127,137
闵行区,上海市闵行区纪王学校,上海交通大学附属中学闵行分校,725,否,50,400,134,125,142
闵行区,上海市闵行区纪王学校,上海市闵行中学,724.5,否,50,390.5,123,123,140
闵行区,上海市马桥强恕学校,上海市第二中学（梅陇校区）,722.5,否,50,395.5,127,127,138
闵行区,上海市马桥强恕学校,上海市七宝中学,729.5,否,50,400.5,129,128,140
闵行区,上海市马桥强恕学校,华东师范大学第二附属中学闵行紫竹分校,728.5,否,50,397,132,123,139
闵行区,上海市马桥强恕学校,上海师范大学附属中学闵行分校,733.5,否,50,400.5,122,139,140
闵行区,上海市马桥强恕学校,上海交通大学附属中学闵行分校,717.5,否,50,381.5,118,121,140
闵行区,上海市马桥强恕学校,上海市闵行中学,724.5,否,50,394.5,132,123,141
闵行区,上海市古美学校,上海市第二中学（梅陇校区）,731.5,否,50,406.5,133,129,132
闵行区,上海市古美学校,上海市七宝中学,749.5,否,50,410.5,136,127,143
闵行区,上海市古美学校,华东师范大学第二附属中学闵行紫竹分校,740,否,50,405,142,125,141
闵行区,上海市古美学校,上海师范大学附属中学闵行分校,735.5,否,50,403,131,129,139
闵行区,上海市古美学校,上海交通大学附属中学闵行分校,753.5,否,50,411.5,137,131,144
闵行区,上海市古美学校,上海市闵行中学,727.5,否,50,404,139,124,134
闵行区,上海师范大学康城实验学校,上海市向明中学（浦江校区）,733,否,50,393.5,128,125,144
闵行区,上海师范大学康城实验学校,上海市第二中学（梅陇校区）,742,否,50,410,134,135,136
闵行区,上海师范大学康城实验学校,上海市七宝中学,756.5,否,50,413.5,137,133,143
闵行区,上海师范大学康城实验学校,华东师范大学第二附属中学闵行紫竹分校,752,否,50,410,144,128,146
闵行区,上海师范大学康城实验学校,上海师范大学附属中学闵行分校,743.5,否,50,414.5,134,134,140
闵行区,上海师范大学康城实验学校,上海交通大学附属中学闵行分校,754,否,50,418,140,131,140
闵行区,上海师范大学康城实验学校,上海市闵行中学,737.5,否,50,402.5,130,128,142
闵行区,上海市莘城学校,上海市第二中学（梅陇校区）,750.5,否,50,412.5,148,124,144
闵行区,上海市莘城学校,上海市七宝中学,760.5,否,50,423.5,146,130,141
闵行区,上海市莘城学校,华东师范大学第二附属中学闵行紫竹分校,756.5,否,50,418.5,143,132,145
闵行区,上海市莘城学校,上海师范大学附属中学闵行分校,750.5,否,50,416.5,144,124,142
闵行区,上海市莘城学校,上海交通大学附属中学闵行分校,763,否,50,420,145,130,146
闵行区,上海市莘城学校,上海市闵行中学,741.5,否,50,405.5,136,122,140
闵行区,上海市闵行区明星学校,上海市第二中学（梅陇校区）,740,否,50,414,135,134,131
闵行区,上海市闵行区明星学校,上海市七宝中学,755,否,50,414,135,135,145
闵行区,上海市闵行区明星学校,华东师范大学第二附属中学闵行紫竹分校,751.5,否,50,419.5,146,129,139
闵行区,上海市闵行区明星学校,上海师范大学附属中学闵行分校,741.5,否,50,403.5,129,127,142
闵行区,上海市闵行区明星学校,上海交通大学附属中学闵行分校,757,否,50,415,137,136,145
闵行区,上海市闵行区明星学校,上海市闵行中学,743,否,50,403,133,127,147
闵行区,上海市闵行区明星学校,上海师范大学附属中学,747,否,50,417,144,131,139
闵行区,上海市闵行区文来实验学校,上海市第二中学（梅陇校区）,730.5,否,50,394.5,123,126,141
闵行区,上海市闵行区文来实验学校,复旦大学附属中学,759.5,否,50,416.5,146,126,146
闵行区,上海市闵行区文来实验学校,上海市七宝中学,755,否,50,418,141,130,142
闵行区,上海市闵行区文来实验学校,华东师范大学第二附属中学闵行紫竹分校,751,否,50,408,140,124,146
闵行区,上海市闵行区文来实验学校,上海师范大学附属中学闵行分校,745.5,否,50,405.5,134,132,144
闵行区,上海市闵行区文来实验学校,上海交通大学附属中学闵行分校,762,否,50,420.5,139,136,145
闵行区,上海市闵行区文来实验学校,上海市闵行中学,731,否,50,395,121,132,140
闵行区,上海市闵行区君莲学校,上海市第二中学（梅陇校区）,734,否,50,407,125,137,133
闵行区,上海市闵行区君莲学校,上海交通大学附属中学,759,否,50,423,143,133,143
闵行区,上海市闵行区君莲学校,上海市七宝中学,754.5,否,50,420.5,146,131,142
闵行区,上海市闵行区君莲学校,华东师范大学第二附属中学闵行紫竹分校,736,否,50,404,127,131,141
闵行区,上海市闵行区君莲学校,上海师范大学附属中学闵行分校,739.5,否,50,409.5,141,128,137
闵行区,上海市闵行区君莲学校,上海交通大学附属中学闵行分校,764,否,50,420,145,129,148
闵行区,上海市闵行区君莲学校,上海市闵行中学,730.5,否,50,403.5,130,131,135
闵行区,上海市闵行区华漕学校,上海市向明中学（浦江校区）,736.5,否,50,394.5,121,128,144
闵行区,上海市闵行区华漕学校,上海市第二中学（梅陇校区）,739.5,否,50,404.5,132,128,139
闵行区,上海市闵行区华漕学校,上海市七宝中学,756,否,50,414,146,123,145
闵行区,上海市闵行区华漕学校,华东师范大学第二附属中学闵行紫竹分校,752,否,50,415,141,128,145
闵行区,上海市闵行区华漕学校,上海师范大学附属中学闵行分校,747.5,否,50,403.5,139,125,149
闵行区,上海市闵行区华漕学校,上海交通大学附属中学闵行分校,757,否,50,414,134,132,146
闵行区,上海市闵行区华漕学校,上海市闵行中学,728,否,50,396.5,125,129,142
闵行区,上海世外教育附属浦江外国语学,上海市第二中学（梅陇校区）,743,否,50,408,134,126,141
闵行区,上海世外教育附属浦江外国语学,上海市七宝中学,755.5,否,50,419.5,144,134,146
闵行区,上海世外教育附属浦江外国语学,华东师范大学第二附属中学闵行紫竹分校,753,否,50,416,146,130,142
闵行区,上海世外教育附属浦江外国语学,上海师范大学附属中学闵行分校,738,否,50,406,132,132,137
闵行区,上海世外教育附属浦江外国语学,上海交通大学附属中学闵行分校,765.5,否,50,421.5,147,132,146
闵行区,上海世外教育附属浦江外国语学,上海市闵行中学,737,否,50,402,139,121,139
闵行区,上海交通大学附属闵行马桥实验学校,上海市向明中学（浦江校区）,740.5,否,50,406.5,139,125,138
闵行区,上海交通大学附属闵行马桥实验学校,上海市上海中学,769,否,50,427,144,139,144
闵行区,上海交通大学附属闵行马桥实验学校,上海市七宝中学,756,否,50,422.5,146,134,138
闵行区,上海交通大学附属闵行马桥实验学校,华东师范大学第二附属中学闵行紫竹分校,753.5,否,50,411.5,146,120,147
闵行区,上海交通大学附属闵行马桥实验学校,上海师范大学附属中学闵行分校,743,否,50,407,142,121,142
闵行区,上海交通大学附属闵行马桥实验学校,上海交通大学附属中学闵行分校,718,否,50,396,125,126,128
闵行区,上海交通大学附属闵行马桥实验学校,上海市闵行中学,732.5,否,50,407,132,132,132
闵行区,上海市闵行区七宝文来学校,上海市第二中学（梅陇校区）,737,否,50,407,132,132,136
闵行区,上海市闵行区七宝文来学校,复旦大学附属中学,766.5,否,50,426.5,146,134,142
闵行区,上海市闵行区七宝文来学校,上海市七宝中学,761.5,否,50,421.5,146,127,142
闵行区,上海市闵行区七宝文来学校,华东师范大学第二附属中学闵行紫竹分校,749,否,50,414,142,126,141
闵行区,上海市闵行区七宝文来学校,上海师范大学附属中学闵行分校,747,否,50,416.5,138,134,140
闵行区,上海市闵行区七宝文来学校,上海交通大学附属中学闵行分校,761.5,否,50,421.5,144,129,144
闵行区,上海市闵行区七宝文来学校,上海市闵行中学,735.5,否,50,407.5,141,125,133
闵行区,上海师范大学附属中学闵行实验学校,上海市第二中学（梅陇校区）,735,否,50,399,117,135,142
闵行区,上海师范大学附属中学闵行实验学校,上海市七宝中学,695.5,否,50,379.5,115,124,124
闵行区,上海师范大学附属中学闵行实验学校,华东师范大学第二附属中学闵行紫竹分校,752,否,50,418.5,145,128,141
闵行区,上海师范大学附属中学闵行实验学校,上海师范大学附属中学闵行分校,749,否,50,416,141,132,137
闵行区,上海师范大学附属中学闵行实验学校,上海交通大学附属中学闵行分校,771,否,50,424,150,133,149
闵行区,上海师范大学附属中学闵行实验学校,上海市闵行中学,728,否,50,399,126,129,134
闵行区,上海师范大学附属中学闵行实验学校,上海师范大学附属中学,742,否,50,405,138,124,138
闵行区,华东理工大学附属闵行梅陇实验学校,上海市第二中学（梅陇校区）,743,否,50,409.5,136,126,142
闵行区,华东理工大学附属闵行梅陇实验学校,上海市上海中学,762,否,50,425,146,132,144
闵行区,华东理工大学附属闵行梅陇实验学校,上海市七宝中学,748.5,否,50,412,144,131,146
闵行区,华东理工大学附属闵行梅陇实验学校,华东师范大学第二附属中学闵行紫竹分校,757,否,50,421,139,136,144
闵行区,华东理工大学附属闵行梅陇实验学校,上海师范大学附属中学闵行分校,730.5,否,50,397.5,126,126,138
闵行区,华东理工大学附属闵行梅陇实验学校,上海交通大学附属中学闵行分校,747,否,50,410,141,126,142
闵行区,华东理工大学附属闵行梅陇实验学校,上海市闵行中学,725.5,否,50,400.5,136,121,138
闵行区,华东师范大学附属闵行永德学校,上海市向明中学（浦江校区）,743.5,否,50,398.5,121,131,147
闵行区,华东师范大学附属闵行永德学校,上海市七宝中学,739,否,50,405,134,130,140
闵行区,华东师范大学附属闵行永德学校,华东师范大学第二附属中学闵行紫竹分校,750,否,50,411,139,128,145
闵行区,华东师范大学附属闵行永德学校,上海师范大学附属中学闵行分校,745,否,50,406,140,120,144
闵行区,华东师范大学附属闵行永德学校,上海交通大学附属中学闵行分校,747.5,否,50,408.5,136,128,141
闵行区,华东师范大学附属闵行永德学校,上海市闵行中学,730,否,50,395,129,128,142
闵行区,华东师范大学附属闵行永德学校,上海师范大学附属中学,742,否,50,405.5,136,128,142
闵行区,上海市民办德英乐实验学校,上海市向明中学（浦江校区）,743.5,否,50,400.5,138,118,146
闵行区,上海市民办德英乐实验学校,上海市七宝中学,762.5,否,50,419.5,148,126,147
闵行区,上海市民办德英乐实验学校,华东师范大学第二附属中学闵行紫竹分校,758.5,否,50,423.5,146,131,139
闵行区,上海市民办德英乐实验学校,上海师范大学附属中学闵行分校,749,否,50,406,134,129,148
闵行区,上海市民办德英乐实验学校,上海交通大学附属中学闵行分校,766,否,50,426,143,137,143
闵行区,上海市民办德英乐实验学校,上海市闵行中学,733.5,否,50,395.5,129,125,139
闵行区,上海市燎原双语学校,上海市第二中学（梅陇校区）,720,否,50,397,137,118,141
闵行区,上海市燎原双语学校,上海市上海中学,736,否,50,405,134,128,143
闵行区,上海市燎原双语学校,上海市七宝中学,734,否,50,407,140,128,135
闵行区,上海市燎原双语学校,华东师范大学第二附属中学闵行紫竹分校,728,否,50,396.5,124,128,138
闵行区,上海市燎原双语学校,上海师范大学附属中学闵行分校,721.5,否,50,396,126,126,136
闵行区,上海市燎原双语学校,上海交通大学附属中学闵行分校,731.5,否,50,401.5,137,126,137
闵行区,上海市燎原双语学校,上海市闵行中学,709.5,否,50,382,118,119,140
闵行区,上海市民办协和双语尚音学校,上海市向明中学（浦江校区）,727.5,否,50,394,131,119,139
闵行区,上海市民办协和双语尚音学校,上海市上海中学,757,否,50,415,139,130,147
闵行区,上海市民办协和双语尚音学校,上海市七宝中学,754.5,否,50,414.5,136,132,145
闵行区,上海市民办协和双语尚音学校,华东师范大学第二附属中学闵行紫竹分校,733.5,否,50,407.5,137,123,134
闵行区,上海市民办协和双语尚音学校,上海师范大学附属中学闵行分校,728.5,否,50,397.5,125,126,133
闵行区,上海市民办协和双语尚音学校,上海交通大学附属中学闵行分校,756.5,否,50,413.5,133,135,145
闵行区,上海市民办协和双语尚音学校,上海市闵行中学,731,否,50,396,137,121,142
闵行区,上海市民办万源城协和双语学校,上海市向明中学（浦江校区）,741,否,50,407,139,128,146
闵行区,上海市民办万源城协和双语学校,上海市七宝中学,764.5,否,50,417,140,129,150
闵行区,上海市民办万源城协和双语学校,华东师范大学第二附属中学闵行紫竹分校,753,否,50,412,133,137,144
闵行区,上海市民办万源城协和双语学校,上海师范大学附属中学闵行分校,747.5,否,50,412.5,141,132,141
闵行区,上海市民办万源城协和双语学校,上海交通大学附属中学闵行分校,737,否,50,402,142,118,138
闵行区,上海市民办万源城协和双语学校,上海市闵行中学,742.5,否,50,402.5,135,130,145
闵行区,上海星河湾双语学校,华东师范大学第二附属中学闵行紫竹分校,691,否,50,384.5,124,118,125
闵行区,上海星河湾双语学校,上海交通大学附属中学闵行分校,731.5,否,50,400.5,124,132,138
闵行区,上海博世凯外国语学校,上海市第二中学（梅陇校区）,745,否,50,409,133,130,142
闵行区,上海博世凯外国语学校,上海市上海中学,771,否,50,424,150,127,149
闵行区,上海博世凯外国语学校,上海市七宝中学,764,否,50,423,146,128,146
闵行区,上海博世凯外国语学校,华东师范大学第二附属中学闵行紫竹分校,760,否,50,417,142,129,147
闵行区,上海博世凯外国语学校,上海师范大学附属中学闵行分校,746.5,否,50,416.5,143,126,141
闵行区,上海博世凯外国语学校,上海交通大学附属中学闵行分校,767,否,50,420,143,132,147
闵行区,上海博世凯外国语学校,上海市闵行中学,732.5,否,50,403.5,129,128,140
闵行区,上海闵行区民办美高双语学校,上海市七宝中学,718,否,50,385,130,112,144
闵行区,上海闵行区民办美高双语学校,华东师范大学第二附属中学闵行紫竹分校,696,否,50,377,131,121,132
闵行区,上海闵行区民办美高双语学校,上海师范大学附属中学闵行分校,699.5,否,50,381.5,128,113,136
闵行区,上海闵行区民办美高双语学校,上海交通大学附属中学闵行分校,721,否,50,387,129,118,143
闵行区,上海闵行区民办美高双语学校,上海市闵行中学,691.5,否,50,374.5,129,107,130
闵行区,上海民办圣华紫竹双语学校,上海市第二中学（梅陇校区）,746,否,50,408,130,133,141
闵行区,上海民办圣华紫竹双语学校,上海市七宝中学,767.5,否,50,421.5,142,134,146
闵行区,上海民办圣华紫竹双语学校,华东师范大学第二附属中学闵行紫竹分校,755,否,50,414,140,127,146
闵行区,上海民办圣华紫竹双语学校,上海师范大学附属中学闵行分校,746.5,否,50,411.5,140,127,140
闵行区,上海民办圣华紫竹双语学校,上海交通大学附属中学闵行分校,768,否,50,422,146,132,148
闵行区,上海民办圣华紫竹双语学校,上海市闵行中学,738,否,50,400,132,125,143
闵行区,上海闵行区民办德闳学校,上海交通大学附属中学闵行分校,703,否,50,383,130,111,133
青浦区,上海市青浦区实验中学,上海交通大学附属中学,767.5,否,50,426.5,147,136,146
青浦区,上海市青浦区实验中学,上海市青浦高级中学,724.5,否,50,399.5,129,125,128
青浦区,上海市青浦区实验中学,复旦大学附属中学青浦分校,752.5,否,50,414.5,146,125,145
青浦区,上海市青浦区实验中学,上海市朱家角中学,704.5,否,50,388.5,118,128,121
青浦区,上海市青浦区东方中学,上海市青浦高级中学,728,否,50,405,134,129,129
青浦区,上海市青浦区东方中学,复旦大学附属中学青浦分校,746,否,50,415,142,128,137
青浦区,上海市青浦区东方中学,上海市朱家角中学,697.5,否,50,378.5,130,119,130
青浦区,上海市青浦区第一中学尚美分校,上海市青浦高级中学,720,否,50,393.5,132,127,141
青浦区,上海市青浦区第一中学尚美分校,复旦大学附属中学青浦分校,737,否,50,404.5,148,118,142
青浦区,上海市青浦区第一中学尚美分校,上海市朱家角中学,694.5,否,50,379.5,119,127,115
青浦区,上海市青浦区徐泾中学,华东师范大学第二附属中学,763.5,否,50,422.5,148,130,144
青浦区,上海市青浦区徐泾中学,上海市青浦高级中学,720.5,否,50,399.5,136,120,130
青浦区,上海市青浦区徐泾中学,复旦大学附属中学青浦分校,744.5,否,50,408.5,132,133,141
青浦区,上海市青浦区徐泾中学,上海市朱家角中学,700.5,否,50,379.5,122,116,131
青浦区,上海市青浦区凤溪中学,上海市上海中学,759,否,50,417,147,129,145
青浦区,上海市青浦区凤溪中学,上海市青浦高级中学,724,否,50,392,134,122,139
青浦区,上海市青浦区凤溪中学,复旦大学附属中学青浦分校,745.5,否,50,410.5,140,131,139
青浦区,上海市青浦区凤溪中学,上海市朱家角中学,704,否,50,383.5,118,126,126
青浦区,上海市青浦区豫才中学,上海市青浦高级中学,725.5,否,50,392.5,128,124,138
青浦区,上海市青浦区豫才中学,复旦大学附属中学青浦分校,745,否,50,409.5,139,124,143
青浦区,上海市青浦区豫才中学,上海市朱家角中学,705.5,否,50,382.5,115,125,135
青浦区,上海市青浦区华新中学,上海市青浦高级中学,718,否,50,402,129,129,126
青浦区,上海市青浦区华新中学,复旦大学附属中学青浦分校,748.5,否,50,406.5,138,123,146
青浦区,上海市青浦区华新中学,上海市朱家角中学,706.5,否,50,380.5,131,123,136
青浦区,上海市青浦区白鹤中学,上海市青浦高级中学,721,否,50,403,128,132,125
青浦区,上海市青浦区白鹤中学,复旦大学附属中学青浦分校,732.5,否,50,397.5,135,120,142
青浦区,上海市青浦区白鹤中学,上海市朱家角中学,702,否,50,383,121,126,130
青浦区,上海市青浦区珠溪中学,上海师范大学附属中学,739,否,50,403,131,128,142
青浦区,上海市青浦区珠溪中学,上海市青浦高级中学,724.5,否,50,391.5,133,120,140
青浦区,上海市青浦区珠溪中学,复旦大学附属中学青浦分校,742.5,否,50,411.5,133,132,136
青浦区,上海市青浦区珠溪中学,上海市朱家角中学,709.5,否,50,374.5,116,128,138
青浦区,上海市青浦区沈巷中学,上海市青浦高级中学,702.5,否,50,373.5,105,125,139
青浦区,上海市青浦区沈巷中学,复旦大学附属中学青浦分校,709.5,否,50,381.5,112,131,139
青浦区,上海市青浦区沈巷中学,上海市朱家角中学,680,否,50,366.5,110,118,129
青浦区,上海市青浦区颜安中学,上海市青浦高级中学,701.5,否,50,380.5,123,122,126
青浦区,上海市青浦区颜安中学,复旦大学附属中学青浦分校,723.5,否,50,406.5,133,133,127
青浦区,上海市青浦区颜安中学,上海市朱家角中学,692.5,否,50,375.5,126,119,127
青浦区,上海市青浦区金泽中学,上海市青浦高级中学,703,否,50,380,101,133,128
青浦区,上海市青浦区金泽中学,复旦大学附属中学青浦分校,728.5,否,50,398.5,128,132,138
青浦区,上海市青浦区金泽中学,上海市朱家角中学,695.5,否,50,376.5,104,132,130
青浦区,上海政法学院附属青浦崧淀中学,上海市青浦高级中学,730.5,否,50,398.5,120,132,136
青浦区,上海政法学院附属青浦崧淀中学,复旦大学附属中学青浦分校,739.5,否,50,404.5,140,126,141
青浦区,上海政法学院附属青浦崧淀中学,上海市朱家角中学,703.5,否,50,385.5,127,125,129
青浦区,上海市教育学会青浦清河湾中学,上海市青浦高级中学,729,否,50,404,138,124,136
青浦区,上海市教育学会青浦清河湾中学,复旦大学附属中学青浦分校,748.5,否,50,414.5,139,129,141
青浦区,上海市教育学会青浦清河湾中学,上海市朱家角中学,712.5,否,50,390.5,132,127,128
青浦区,上海市青浦区教育学院附属中学,上海市青浦高级中学,732,否,50,403.5,130,132,135
青浦区,上海市青浦区教育学院附属中学,复旦大学附属中学青浦分校,749.5,否,50,418.5,141,134,137
青浦区,上海市青浦区教育学院附属中学,上海市朱家角中学,705,否,50,394,130,119,126
青浦区,上海师范大学附属青浦实验中学,上海市青浦高级中学,723,否,50,401,136,127,131
青浦区,上海师范大学附属青浦实验中学,复旦大学附属中学青浦分校,735,否,50,398,134,125,142
青浦区,上海师范大学附属青浦实验中学,上海市朱家角中学,692,否,50,372,113,117,129
青浦区,上海市青浦区思源中学,上海交通大学附属中学,760.5,否,50,423.5,146,133,145
青浦区,上海市青浦区思源中学,上海市青浦高级中学,723.5,否,50,406.5,139,125,127
青浦区,上海市青浦区思源中学,复旦大学附属中学青浦分校,740.5,否,50,408.5,135,129,136
青浦区,上海市青浦区思源中学,上海市朱家角中学,709.5,否,50,384.5,129,114,134
青浦区,上海市青浦区第一中学,上海市青浦高级中学,728.5,否,50,397.5,136,128,137
青浦区,上海市青浦区第一中学,复旦大学附属中学青浦分校,752.5,否,50,418.5,142,133,139
青浦区,上海市青浦区第一中学,上海市朱家角中学,709.5,否,50,399.5,142,122,123
青浦区,上海市毓华学校,上海市青浦高级中学,714.5,否,50,395.5,134,124,131
青浦区,上海市毓华学校,复旦大学附属中学青浦分校,724.5,否,50,405,130,134,132
青浦区,上海市毓华学校,上海市朱家角中学,686,否,50,369,128,109,132
青浦区,上海市青浦区崧泽学校,上海市青浦高级中学,723.5,否,50,406.5,141,123,130
青浦区,上海市青浦区崧泽学校,复旦大学附属中学青浦分校,736,否,50,407,135,125,137
青浦区,上海市青浦区崧泽学校,上海市朱家角中学,711,否,50,387,128,118,134
青浦区,上海市博文学校,上海市青浦高级中学,711.5,否,50,389.5,124,128,128
青浦区,上海市博文学校,复旦大学附属中学青浦分校,737,否,50,406,131,131,137
青浦区,上海市博文学校,上海市朱家角中学,700.5,否,50,375.5,116,119,133
青浦区,上海市青浦区少年业余体育学校,上海市青浦高级中学,704,否,50,377,127,119,130
青浦区,上海市青浦区少年业余体育学校,复旦大学附属中学青浦分校,709,否,50,384,130,118,134
青浦区,上海市青浦区少年业余体育学校,上海市朱家角中学,692.5,否,50,381.5,120,127,119
青浦区,上海市毓秀学校,上海市青浦高级中学,730.5,否,50,388.5,123,121,147
青浦区,上海市毓秀学校,复旦大学附属中学青浦分校,752,否,50,410,142,126,146
青浦区,上海市毓秀学校,上海市朱家角中学,705.5,否,50,390.5,123,123,126
青浦区,上海宋庆龄学校,上海市青浦高级中学,715.5,否,50,390.5,133,121,137
青浦区,上海宋庆龄学校,复旦大学附属中学青浦分校,762.5,否,50,419.5,132,138,148
青浦区,上海宋庆龄学校,上海市朱家角中学,705.5,否,50,388.5,134,113,131
青浦区,上海市佳信学校,上海市青浦高级中学,701.5,否,50,381,116,127,123
青浦区,上海市佳信学校,复旦大学附属中学青浦分校,730,否,50,403,115,141,137
青浦区,上海市佳信学校,上海市朱家角中学,710,否,50,383,124,123,134
青浦区,上海五浦汇实验学校,复旦大学附属中学,765,否,50,422,150,131,145
青浦区,上海五浦汇实验学校,上海市青浦高级中学,720.5,否,50,398.5,121,128,128
青浦区,上海五浦汇实验学校,复旦大学附属中学青浦分校,753.5,否,50,415.5,147,122,143
青浦区,上海五浦汇实验学校,上海市朱家角中学,704,否,50,378,124,113,135
青浦区,上海青浦区世外学校,上海市青浦高级中学,719.5,否,50,390.5,133,118,136
青浦区,上海青浦区世外学校,复旦大学附属中学青浦分校,754,否,50,410,134,128,145
青浦区,上海青浦区世外学校,上海市朱家角中学,688.5,否,50,352.5,135,112,141
青浦区,上海青浦平和双语学校,上海市青浦高级中学,670.5,否,50,353,114,115,132
青浦区,上海青浦平和双语学校,复旦大学附属中学青浦分校,727,否,50,386,110,131,145
青浦区,上海青浦区协和双语学校,上海市青浦高级中学,724,否,50,399,134,120,137
青浦区,上海青浦区协和双语学校,复旦大学附属中学青浦分校,738,否,50,400,135,120,143
青浦区,上海青浦区协和双语学校,上海市朱家角中学,669,否,50,365.5,121,124,119
青浦区,上海师范大学附属青浦重固学校,上海市青浦高级中学,717,否,50,394,125,128,129
青浦区,上海师范大学附属青浦重固学校,复旦大学附属中学青浦分校,746.5,否,50,407.5,138,130,145
青浦区,上海师范大学附属青浦重固学校,上海市朱家角中学,709,否,50,382,121,128,134
青浦区,上海青浦兰生学校,上海市青浦高级中学,726,否,50,387,121,128,142
青浦区,上海青浦兰生学校,复旦大学附属中学青浦分校,752.5,否,50,414.5,138,128,142
青浦区,上海青浦兰生学校,上海市朱家角中学,703,否,50,382,117,127,130
静安区,上海市市西初级中学,上海市市西中学,747,否,50,415.5,143,131,139
静安区,上海市市西初级中学,上海市育才中学,720.5,否,50,401.5,129,127,123
静安区,上海市市西初级中学,上海市新中高级中学,716,否,50,388.5,134,113,138
静安区,上海市市西初级中学,上海市市北中学,728,否,50,397,141,115,141
静安区,上海市市西初级中学,上海市回民中学,694,否,50,377.5,112,130,126
静安区,上海市市西初级中学,上海市第六十中学,678,否,50,370.5,112,126,117
静安区,上海市市西初级中学,上海市华东模范中学,683.5,否,50,391,125,129,111
静安区,上海市育才初级中学,上海市市西中学,743,否,50,412,138,127,138
静安区,上海市育才初级中学,上海市育才中学,726.5,否,50,396.5,133,124,137
静安区,上海市育才初级中学,上海市新中高级中学,713.5,否,50,386,119,126,136
静安区,上海市育才初级中学,上海市市北中学,723,否,50,392,132,114,138
静安区,上海市育才初级中学,上海市第六十中学,675.5,否,50,361.5,104,123,124
静安区,上海市育才初级中学,上海市华东模范中学,673.5,否,50,358.5,104,114,125
静安区,上海市静安区协和双语培明学校,上海市市西中学,755,否,50,415.5,142,131,145
静安区,上海市静安区协和双语培明学校,上海市育才中学,716,否,50,394.5,135,124,130
静安区,上海市静安区协和双语培明学校,上海市新中高级中学,709.5,否,50,379.5,131,112,136
静安区,上海市静安区协和双语培明学校,上海市市北中学,723,否,50,393,138,118,140
静安区,上海市静安区协和双语培明学校,上海市第六十中学,682,否,50,372,107,127,123
静安区,上海市静安区协和双语培明学校,上海市华东模范中学,669,否,50,358.5,133,109,123
静安区,上海市时代中学,上海市市西中学,751,否,50,411,140,130,147
静安区,上海市时代中学,上海市育才中学,726.5,否,50,400.5,126,131,132
静安区,上海市时代中学,上海市新中高级中学,716,否,50,388,122,127,136
静安区,上海市时代中学,上海市市北中学,703,否,50,383.5,129,127,130
静安区,上海市时代中学,上海市回民中学,677.5,否,50,363.5,103,122,117
静安区,上海市时代中学,上海市第六十中学,691.5,否,50,369.5,126,116,128
静安区,上海市时代中学,上海市华东模范中学,699,否,50,382,133,121,124
静安区,上海市时代中学,上海交通大学附属中学,745.5,否,50,410,144,124,142
静安区,上海市五四中学,上海市市西中学,741,否,50,405,133,129,143
静安区,上海市五四中学,上海市育才中学,716,否,50,388,125,124,135
静安区,上海市五四中学,上海市新中高级中学,700,否,50,370.5,116,119,138
静安区,上海市五四中学,上海市市北中学,724.5,否,50,396.5,134,121,135
静安区,上海市五四中学,上海市华东模范中学,666,否,50,356.5,109,127,117
静安区,上海市五四中学,复旦大学附属中学,751.5,否,50,415,148,126,140
静安区,民办上海上外静安外国语中学,上海市市西中学,745,否,50,415,139,132,137
静安区,民办上海上外静安外国语中学,上海市育才中学,733.5,否,50,404.5,135,129,142
静安区,民办上海上外静安外国语中学,上海市新中高级中学,713,否,50,395,127,126,126
静安区,民办上海上外静安外国语中学,上海市市北中学,734,否,50,403,134,126,138
静安区,民办上海上外静安外国语中学,上海市第六十中学,670,否,50,364,109,123,116
静安区,民办上海上外静安外国语中学,上海市华东模范中学,679,否,50,367.5,113,122,124
静安区,民办上海上外静安外国语中学,复旦大学附属中学,754.5,否,50,416.5,135,136,145
静安区,上海市静安区市北初级中学北校,上海市市西中学,744,否,50,410,135,133,137
静安区,上海市静安区市北初级中学北校,上海市育才中学,729.5,否,50,393.5,125,124,141
静安区,上海市静安区市北初级中学北校,上海市新中高级中学,727.5,否,50,395.5,123,134,136
静安区,上海市静安区市北初级中学北校,上海市市北中学,739.5,否,50,403.5,130,131,140
静安区,上海市静安区市北初级中学北校,上海市回民中学,667.5,否,50,358,112,119,122
静安区,上海市静安区市北初级中学北校,上海市第六十中学,684,否,50,361,109,123,130
静安区,上海市静安区市北初级中学北校,上海市华东模范中学,675.5,否,50,373,113,114,113
静安区,上海市静安区市北初级中学北校,上海交通大学附属中学,763,否,50,422.5,146,130,146
静安区,上海市新中初级中学,上海市市西中学,746,否,50,410,145,121,144
静安区,上海市新中初级中学,上海市育才中学,727.5,否,50,396,128,126,138
静安区,上海市新中初级中学,上海市新中高级中学,722.5,否,50,394.5,128,126,134
静安区,上海市新中初级中学,上海市市北中学,730.5,否,50,404,136,128,138
静安区,上海市新中初级中学,上海市回民中学,665,否,50,355,125,109,122
静安区,上海市新中初级中学,上海市第六十中学,695,否,50,383.5,119,128,121
静安区,上海市新中初级中学,上海市华东模范中学,683,否,50,362.5,101,122,132
静安区,上海市静安区实验中学,上海市市西中学,735,否,50,400,128,127,143
静安区,上海市静安区实验中学,上海市育才中学,721,否,50,397,129,124,130
静安区,上海市静安区实验中学,上海市新中高级中学,720.5,否,50,385.5,123,121,140
静安区,上海市静安区实验中学,上海市市北中学,731,否,50,400,133,124,136
静安区,上海市静安区实验中学,上海市回民中学,676,否,50,367.5,115,116,126
静安区,上海市静安区实验中学,上海市第六十中学,706,否,50,389,125,124,130
静安区,上海市静安区实验中学,上海市华东模范中学,690.5,否,50,367.5,113,121,131
静安区,上海市静安区实验中学,上海交通大学附属中学,755,否,50,420,146,128,141
静安区,上海市朝阳中学,上海市市西中学,734,否,50,397,128,124,143
静安区,上海市朝阳中学,上海市育才中学,718.5,否,50,385.5,122,121,140
静安区,上海市朝阳中学,上海市市北中学,726.5,否,50,392.5,131,121,144
静安区,上海市朝阳中学,上海市第六十中学,684.5,否,50,365.5,101,127,130
静安区,上海市市北初级中学,上海市市西中学,741,否,50,400,133,121,146
静安区,上海市市北初级中学,上海市育才中学,718,否,50,395.5,121,131,129
静安区,上海市市北初级中学,上海市新中高级中学,718,否,50,385,118,128,137
静安区,上海市市北初级中学,上海市市北中学,735,否,50,408,132,131,134
静安区,上海市市北初级中学,上海市回民中学,667.5,否,50,351.5,98,115,126
静安区,上海市市北初级中学,上海市第六十中学,683,否,50,359.5,107,117,132
静安区,上海市市北初级中学,上海市华东模范中学,674.5,否,50,362,126,118,125
静安区,上海市风华初级中学,上海市市西中学,749,否,50,414,144,130,142
静安区,上海市风华初级中学,上海市育才中学,729,否,50,396.5,118,131,141
静安区,上海市风华初级中学,上海市新中高级中学,728,否,50,392,125,122,142
静安区,上海市风华初级中学,上海市市北中学,742,否,50,412,138,129,135
静安区,上海市风华初级中学,上海市回民中学,666,否,50,352.5,117,112,129
静安区,上海市风华初级中学,上海市第六十中学,688.5,否,50,365.5,110,121,129
静安区,上海市风华初级中学,上海市华东模范中学,674.5,否,50,358,97,122,127
静安区,上海市风华初级中学,上海交通大学附属中学,764.5,否,50,422.5,146,131,144
静安区,上海市彭浦初级中学,上海市市西中学,746,否,50,411,135,131,143
静安区,上海市彭浦初级中学,上海市育才中学,729.5,否,50,402,131,123,133
静安区,上海市彭浦初级中学,上海市新中高级中学,726.5,否,50,400,124,131,136
静安区,上海市彭浦初级中学,上海市市北中学,735.5,否,50,397,119,134,144
静安区,上海市彭浦初级中学,上海市回民中学,668,否,50,373.5,105,126,107
静安区,上海市彭浦初级中学,上海市第六十中学,688.5,否,50,382.5,118,121,122
静安区,上海市彭浦初级中学,上海市华东模范中学,665.5,否,50,368.5,121,115,109
静安区,上海市彭浦初级中学,华东师范大学第二附属中学,762.5,否,50,421.5,148,129,147
静安区,上海外国语大学苏河湾实验中学,上海市市西中学,744,否,50,408,146,127,141
静安区,上海外国语大学苏河湾实验中学,上海市育才中学,725.5,否,50,391.5,125,124,140
静安区,上海外国语大学苏河湾实验中学,上海市新中高级中学,721,否,50,393,117,132,134
静安区,上海外国语大学苏河湾实验中学,上海市市北中学,735,否,50,405,129,129,132
静安区,上海外国语大学苏河湾实验中学,上海市第六十中学,691.5,否,50,384,117,127,115
静安区,上海外国语大学苏河湾实验中学,上海交通大学附属中学,761,否,50,424,146,131,138
静安区,上海市青云中学,上海市市西中学,741.5,否,50,404.5,139,127,142
静安区,上海市青云中学,上海市育才中学,721.5,否,50,389,126,124,141
静安区,上海市青云中学,上海市新中高级中学,720.5,否,50,396.5,135,123,134
静安区,上海市青云中学,上海市市北中学,731.5,否,50,395,129,127,140
静安区,上海市青云中学,上海市回民中学,665.5,否,50,349,100,121,127
静安区,上海市青云中学,上海市第六十中学,699.5,否,50,378,132,116,134
静安区,上海市青云中学,上海市华东模范中学,681.5,否,50,372,123,113,117
静安区,上海市岭南中学,上海市市西中学,740,否,50,400,131,122,144
静安区,上海市岭南中学,上海市育才中学,717,否,50,383,120,123,140
静安区,上海市岭南中学,上海市新中高级中学,703,否,50,377,120,116,139
静安区,上海市岭南中学,上海市市北中学,735,否,50,399,128,128,141
静安区,上海市岭南中学,上海市第六十中学,679.5,否,50,349.5,115,123,135
静安区,上海市岭南中学,上海市华东模范中学,668,否,50,359,98,124,118
静安区,上海市保德中学,上海市市西中学,731.5,否,50,408.5,141,123,135
静安区,上海市保德中学,上海市育才中学,731.5,否,50,403.5,127,130,139
静安区,上海市保德中学,上海市新中高级中学,699.5,否,50,377.5,114,123,138
静安区,上海市保德中学,上海市市北中学,731.5,否,50,397,134,120,139
静安区,上海市保德中学,上海市回民中学,667,否,50,345.5,110,117,131
静安区,上海市保德中学,上海市第六十中学,692,否,50,379,146,101,129
静安区,上海市保德中学,上海市华东模范中学,685,否,50,379.5,118,128,125
静安区,上海市彭浦第三中学,上海市市西中学,742.5,否,50,411.5,141,127,133
静安区,上海市彭浦第三中学,上海市育才中学,711.5,否,50,379.5,126,115,138
静安区,上海市彭浦第三中学,上海市新中高级中学,709,否,50,382,120,118,137
静安区,上海市彭浦第三中学,上海市市北中学,733,否,50,397.5,125,124,141
静安区,上海市彭浦第三中学,上海市第六十中学,685.5,否,50,366.5,108,130,123
静安区,上海市彭浦第三中学,上海市华东模范中学,678.5,否,50,360.5,109,124,127
静安区,上海市彭浦第三中学,复旦大学附属中学,753.5,否,50,412.5,137,133,145
静安区,上海市彭浦第四中学,上海市市西中学,727.5,否,50,388.5,122,122,145
静安区,上海市彭浦第四中学,上海市育才中学,703.5,否,50,381,124,124,130
静安区,上海市彭浦第四中学,上海市新中高级中学,700,否,50,384.5,125,120,127
静安区,上海市彭浦第四中学,上海市市北中学,720.5,否,50,397.5,129,128,129
静安区,上海市彭浦第四中学,上海市回民中学,672.5,否,50,353.5,108,115,126
静安区,上海市彭浦第四中学,上海市第六十中学,675.5,否,50,369.5,102,126,118
静安区,上海市彭浦第四中学,上海市华东模范中学,671,否,50,361.5,107,123,122
静安区,上海市彭浦第四中学,复旦大学附属中学,760,否,50,417,143,129,147
静安区,上海市回民中学,上海市市西中学,732,否,50,409,145,128,135
静安区,上海市回民中学,上海市育才中学,696.5,否,50,366,120,115,140
静安区,上海市回民中学,上海市新中高级中学,694,否,50,375,135,110,131
静安区,上海市回民中学,上海市市北中学,714,否,50,394.5,122,132,127
静安区,上海市回民中学,上海市回民中学,679.5,否,50,358.5,119,113,136
静安区,上海市回民中学,上海市第六十中学,678,否,50,357,103,121,128
静安区,上海市民立中学,上海市市西中学,754.5,否,50,413.5,144,128,146
静安区,上海市民立中学,上海市育才中学,690,否,50,371,108,121,129
静安区,上海市民立中学,上海市新中高级中学,704,否,50,376,119,121,140
静安区,上海市民立中学,上海市市北中学,712,否,50,386,126,120,135
静安区,上海市民立中学,上海市第六十中学,684,否,50,375.5,122,118,130
静安区,上海市民立中学,上海市华东模范中学,665.5,否,50,354,106,122,124
静安区,上海市第一中学,上海市市西中学,747.5,否,50,409.5,137,129,145
静安区,上海市第一中学,上海市育才中学,728,否,50,399,131,124,138
静安区,上海市第一中学,上海市新中高级中学,719.5,否,50,394.5,126,133,135
静安区,上海市第一中学,上海市市北中学,732.5,否,50,399,132,127,142
静安区,上海市第一中学,上海市回民中学,665,否,50,363,118,118,111
静安区,上海市第一中学,上海市第六十中学,693,否,50,379,122,118,121
静安区,上海市第一中学,上海市华东模范中学,693,否,50,368,130,103,138
静安区,上海市第一中学,上海交通大学附属中学,757,否,50,414,143,126,146
静安区,上海市久隆模范中学,上海市市西中学,668,否,50,367,121,118,117
静安区,上海市久隆模范中学,上海市育才中学,677.5,否,50,368.5,112,124,121
静安区,上海市久隆模范中学,上海市新中高级中学,680.5,否,50,374,138,115,116
静安区,上海市久隆模范中学,上海市市北中学,683,否,50,360,122,124,132
静安区,上海市久隆模范中学,上海市第六十中学,668,否,50,370,103,125,111
静安区,上海市闸北第八中学,上海市市西中学,742.5,否,50,409.5,137,133,139
静安区,上海市闸北第八中学,上海市育才中学,725,否,50,390.5,124,128,142
静安区,上海市闸北第八中学,上海市新中高级中学,722.5,否,50,385,124,120,146
静安区,上海市闸北第八中学,上海市市北中学,737.5,否,50,401,128,130,141
静安区,上海市闸北第八中学,上海市回民中学,669,否,50,349.5,102,120,129
静安区,上海市闸北第八中学,上海市第六十中学,699.5,否,50,375.5,124,123,134
静安区,上海市闸北第八中学,上海市华东模范中学,670.5,否,50,359.5,106,122,117
静安区,上海市华东模范中学,上海市上海中学,748,否,50,411,143,126,142
静安区,上海市华东模范中学,上海市市西中学,734,否,50,406.5,134,126,132
静安区,上海市华东模范中学,上海市育才中学,716,否,50,401,129,128,124
静安区,上海市华东模范中学,上海市新中高级中学,699.5,否,50,380,114,122,127
静安区,上海市华东模范中学,上海市市北中学,720,否,50,386,129,114,139
静安区,上海市华东模范中学,上海市回民中学,668.5,否,50,355,104,120,122
静安区,上海市华东模范中学,上海市第六十中学,678,否,50,362,97,123,123
静安区,上海市华东模范中学,上海市华东模范中学,686,否,50,382,121,117,116
静安区,同济大学附属七一中学,上海市市西中学,749,否,50,410.5,142,128,144
静安区,同济大学附属七一中学,上海市育才中学,732,否,50,397,138,118,143
静安区,同济大学附属七一中学,上海市新中高级中学,723.5,否,50,386.5,116,132,145
静安区,同济大学附属七一中学,上海市市北中学,729,否,50,401,126,130,139
静安区,同济大学附属七一中学,上海市回民中学,677,否,50,361,108,116,126
静安区,同济大学附属七一中学,上海市第六十中学,671.5,否,50,378,125,124,116
静安区,同济大学附属七一中学,上海市华东模范中学,697.5,否,50,376.5,115,121,122
静安区,上海市向东中学,上海市市西中学,732,否,50,408,139,127,131
静安区,上海市向东中学,上海市育才中学,705.5,否,50,374.5,123,111,133
静安区,上海市向东中学,上海市新中高级中学,719.5,否,50,389,119,127,142
静安区,上海市向东中学,上海市市北中学,725.5,否,50,390,140,120,143
静安区,上海市向东中学,上海市第六十中学,708,否,50,382.5,117,124,137
静安区,上海市向东中学,上海市华东模范中学,668.5,否,50,356.5,90,125,120
静安区,上海市向东中学,复旦大学附属中学,742,否,50,407,137,128,145
静安区,上海田家炳中学,上海市市西中学,730,否,50,403,131,127,134
静安区,上海田家炳中学,上海市育才中学,717,否,50,392.5,124,130,131
静安区,上海田家炳中学,上海市新中高级中学,718.5,否,50,392.5,129,124,132
静安区,上海田家炳中学,上海市市北中学,720.5,否,50,388,140,122,141
静安区,上海田家炳中学,上海市第六十中学,679,否,50,364,100,126,119
静安区,上海田家炳中学,上海市华东模范中学,665.5,否,50,356.5,107,121,122
静安区,上海市民办扬波中学,上海市市西中学,747,否,50,410,134,134,141
静安区,上海市民办扬波中学,上海市育才中学,725.5,否,50,398,127,127,137
静安区,上海市民办扬波中学,上海市新中高级中学,723.5,否,50,394,144,113,137
静安区,上海市民办扬波中学,上海市市北中学,736,否,50,400.5,140,120,144
静安区,上海市民办扬波中学,上海市回民中学,676,否,50,366,110,121,122
静安区,上海市民办扬波中学,上海市第六十中学,701.5,否,50,385.5,128,119,126
静安区,上海市民办扬波中学,上海市华东模范中学,671.5,否,50,361.5,96,127,119
静安区,上海市民办扬波中学,复旦大学附属中学,758.5,否,50,415.5,137,132,146
静安区,上海市民办新和中学,上海市上海中学,753.5,否,50,411.5,142,129,147
静安区,上海市民办新和中学,上海市市西中学,742,否,50,406,131,132,142
静安区,上海市民办新和中学,上海市育才中学,726.5,否,50,393,122,132,142
静安区,上海市民办新和中学,上海市新中高级中学,721,否,50,385.5,115,131,139
静安区,上海市民办新和中学,上海市市北中学,732.5,否,50,405.5,144,121,134
静安区,上海市民办新和中学,上海市回民中学,675.5,否,50,360.5,115,119,129
静安区,上海市民办新和中学,上海市第六十中学,681.5,否,50,372.5,112,122,127
静安区,上海市民办新和中学,上海市华东模范中学,671.5,否,50,366,111,126,116
静安区,上海市爱国学校,上海市市西中学,731,否,50,392,132,123,144
静安区,上海市爱国学校,上海市育才中学,706,否,50,379,120,127,135
静安区,上海市爱国学校,上海市新中高级中学,690,否,50,374,113,132,122
静安区,上海市爱国学校,上海市市北中学,716,否,50,386,121,131,133
静安区,上海市爱国学校,上海市回民中学,669,否,50,363,103,130,116
静安区,上海市爱国学校,上海市第六十中学,687,否,50,372,116,122,125
静安区,上海市爱国学校,上海市华东模范中学,683,否,50,364,107,117,126
静安区,上海市爱国学校,上海交通大学附属中学,749.5,否,50,415,142,132,138
静安区,上海市静安区教育学院附属学校,上海市市西中学,745.5,否,50,415.5,142,133,139
静安区,上海市静安区教育学院附属学校,上海市育才中学,723.5,否,50,392.5,133,124,136
静安区,上海市静安区教育学院附属学校,上海市新中高级中学,712.5,否,50,391.5,126,126,131
静安区,上海市静安区教育学院附属学校,上海市市北中学,732,否,50,404,137,126,140
静安区,上海市静安区教育学院附属学校,上海市华东模范中学,675.5,否,50,379.5,115,123,110
静安区,上海市静安区教育学院附属学校,复旦大学附属中学,762,否,50,423,140,136,144
静安区,上海市华灵学校,上海市市西中学,727.5,否,50,402.5,136,132,133
静安区,上海市华灵学校,上海市育才中学,708.5,否,50,391.5,117,131,131
静安区,上海市华灵学校,上海市新中高级中学,717.5,否,50,393.5,125,127,132
静安区,上海市华灵学校,上海市市北中学,712.5,否,50,384.5,119,129,132
静安区,上海市华灵学校,上海市回民中学,688.5,否,50,371.5,118,120,129
静安区,上海市华灵学校,上海市第六十中学,693,否,50,373,110,125,129
静安区,上海市华灵学校,上海市华东模范中学,690,否,50,370,110,122,128
静安区,上海市华灵学校,上海交通大学附属中学,757,否,50,424,144,137,138
静安区,上海市三泉学校,上海市市西中学,701.5,否,50,383.5,120,121,123
静安区,上海市三泉学校,上海市育才中学,701,否,50,372.5,112,120,134
静安区,上海市三泉学校,上海市新中高级中学,692,否,50,379,106,129,122
静安区,上海市三泉学校,上海市市北中学,693,否,50,378.5,120,123,123
静安区,上海市三泉学校,上海市回民中学,672.5,否,50,366,120,117,120
静安区,上海市三泉学校,上海市第六十中学,690.5,否,50,366.5,119,112,129
静安区,上海市三泉学校,上海市华东模范中学,678,否,50,373,109,125,115
静安区,上海市三泉学校,华东师范大学第二附属中学,750.5,否,50,412.5,146,122,144
静安区,上海戏剧学院附属静安学校,上海市市西中学,747.5,否,50,414.5,144,126,141
静安区,上海戏剧学院附属静安学校,上海市育才中学,731.5,否,50,404.5,141,121,135
静安区,上海戏剧学院附属静安学校,上海市新中高级中学,712.5,否,50,386,118,125,139
静安区,上海戏剧学院附属静安学校,上海市市北中学,727.5,否,50,400.5,129,130,133
静安区,上海戏剧学院附属静安学校,上海市第六十中学,692.5,否,50,376,109,128,125
静安区,上海戏剧学院附属静安学校,上海市华东模范中学,667.5,否,50,353.5,114,121,123
静安区,上海市静安区大宁国际学校,上海市市西中学,750.5,否,50,412.5,141,128,142
静安区,上海市静安区大宁国际学校,上海市育才中学,735.5,否,50,404,137,128,141
静安区,上海市静安区大宁国际学校,上海市新中高级中学,734,否,50,399.5,137,124,139
静安区,上海市静安区大宁国际学校,上海市市北中学,738,否,50,414,146,126,130
静安区,上海市静安区大宁国际学校,上海市回民中学,680.5,否,50,363,111,114,128
静安区,上海市静安区大宁国际学校,上海市第六十中学,710.5,否,50,390,128,123,124
静安区,上海市静安区大宁国际学校,上海市华东模范中学,686,否,50,365.5,117,116,130
黄浦区,上海市格致初级中学,上海市格致中学,743.5,否,50,410.5,136,130,137
黄浦区,上海市格致初级中学,上海市格致中学（奉贤校区）,726.5,否,50,399.5,126,128,134
黄浦区,上海市格致初级中学,上海市大同中学,740.5,否,50,410.5,147,120,138.5
黄浦区,上海市格致初级中学,上海市向明中学,729,否,50,405,134,131,128
黄浦区,上海市格致初级中学,上海市向明中学（浦江校区）,722,否,50,394.5,126,122,134
黄浦区,上海市格致初级中学,上海外国语大学附属大境中学,695,否,50,372,110,130,132
黄浦区,上海市格致初级中学,上海市光明中学,693,否,50,381.5,115,125,121
黄浦区,上海市格致初级中学,上海市敬业中学,722,否,50,385,128,118,140
黄浦区,上海市格致初级中学,上海市卢湾高级中学,694.5,否,50,380,121,125,126
黄浦区,上海市格致初级中学,上海交通大学附属中学,765,否,50,423,142,135,148
黄浦区,上海市大同初级中学,上海市格致中学,744,否,50,403,141,128,146
黄浦区,上海市大同初级中学,上海市格致中学（奉贤校区）,734,否,50,404,131,129,135
黄浦区,上海市大同初级中学,上海市大同中学,741.5,否,50,400,130,126,147
黄浦区,上海市大同初级中学,上海市向明中学,738.5,否,50,408,135,130,141
黄浦区,上海市大同初级中学,上海市向明中学（浦江校区）,730,否,50,399,127,128,136
黄浦区,上海市大同初级中学,上海外国语大学附属大境中学,710,否,50,385,123,126,133
黄浦区,上海市大同初级中学,上海市光明中学,693.5,否,50,371,100,132,134
黄浦区,上海市大同初级中学,上海市敬业中学,720.5,否,50,387.5,123,121,142
黄浦区,上海市大同初级中学,上海市卢湾高级中学,699.5,否,50,377.5,119,118,133
黄浦区,上海市大同初级中学,华东师范大学第二附属中学,760.5,否,50,417.5,142,129,145
黄浦区,上海市向明初级中学,上海市格致中学,742.5,否,50,409.5,133,134,140
黄浦区,上海市向明初级中学,上海市格致中学（奉贤校区）,733,否,50,399,142,116,140
黄浦区,上海市向明初级中学,上海市大同中学,746.5,否,50,409.5,130,135,141
黄浦区,上海市向明初级中学,上海市向明中学,732,否,50,404.5,139,127,138
黄浦区,上海市向明初级中学,上海市向明中学（浦江校区）,724.5,否,50,396.5,137,119,130
黄浦区,上海市向明初级中学,上海外国语大学附属大境中学,710,否,50,384.5,120,121,134
黄浦区,上海市向明初级中学,上海市光明中学,700,否,50,372.5,126,124,130
黄浦区,上海市向明初级中学,上海市敬业中学,720.5,否,50,392,127,127,135
黄浦区,上海市向明初级中学,上海市卢湾高级中学,706,否,50,388,127,125,128
黄浦区,上海市向明初级中学,同济大学科技中学,765,否,50,421.5,142,133,147
黄浦区,上海外国语大学附属大境初级中,上海市格致中学,749.5,否,50,408.5,138,125,147
黄浦区,上海外国语大学附属大境初级中,上海市格致中学（奉贤校区）,736.5,否,50,405,141,129,139
黄浦区,上海外国语大学附属大境初级中,上海市大同中学,751,否,50,410,141,123,143
黄浦区,上海外国语大学附属大境初级中,上海市向明中学,735,否,50,409,131,131,135
黄浦区,上海外国语大学附属大境初级中,上海市向明中学（浦江校区）,727.5,否,50,398.5,133,122,133
黄浦区,上海外国语大学附属大境初级中,上海外国语大学附属大境中学,709.5,否,50,392.5,123,126,123
黄浦区,上海外国语大学附属大境初级中,上海市光明中学,695.5,否,50,380.5,125,113,120
黄浦区,上海外国语大学附属大境初级中,上海市敬业中学,722.5,否,50,393.5,127,122,132
黄浦区,上海外国语大学附属大境初级中,上海市卢湾高级中学,709,否,50,394,127,129,124
黄浦区,上海外国语大学附属大境初级中,复旦大学附属中学,764.5,否,50,423.5,146,130,144
黄浦区,上海市光明初级中学,上海市格致中学,744,否,50,403,140,120,145
黄浦区,上海市光明初级中学,上海市格致中学（奉贤校区）,730,否,50,393,123,125,138
黄浦区,上海市光明初级中学,上海市大同中学,737.5,否,50,402,138,123,137
黄浦区,上海市光明初级中学,上海市向明中学,729,否,50,393.5,123,130,145
黄浦区,上海市光明初级中学,上海市向明中学（浦江校区）,732,否,50,400.5,130,131,138
黄浦区,上海市光明初级中学,上海外国语大学附属大境中学,702,否,50,384.5,111,127,122
黄浦区,上海市光明初级中学,上海市光明中学,691.5,否,50,362.5,127,106,138
黄浦区,上海市光明初级中学,上海市敬业中学,709,否,50,376,121,120,142
黄浦区,上海市光明初级中学,上海市卢湾高级中学,676,否,50,362.5,117,111,121
黄浦区,上海市光明初级中学,上海市上海中学,750,否,50,412,136,132,145
黄浦区,上海市敬业初级中学,上海市格致中学,730,否,50,404,132,132,132
黄浦区,上海市敬业初级中学,上海市格致中学（奉贤校区）,721.5,否,50,393,123,127,136
黄浦区,上海市敬业初级中学,上海市大同中学,732,否,50,401.5,135,124,139
黄浦区,上海市敬业初级中学,上海市向明中学,727,否,50,393,130,124,143
黄浦区,上海市敬业初级中学,上海市向明中学（浦江校区）,725,否,50,391,132,116,142
黄浦区,上海市敬业初级中学,上海外国语大学附属大境中学,707.5,否,50,383,123,128,134
黄浦区,上海市敬业初级中学,上海市光明中学,690.5,否,50,379.5,119,123,122
黄浦区,上海市敬业初级中学,上海市敬业中学,719.5,否,50,390,124,123,136
黄浦区,上海市敬业初级中学,上海市卢湾高级中学,704,否,50,388.5,128,116,125
黄浦区,上海市敬业初级中学,同济大学科技中学,701,否,50,372,111,119,134
黄浦区,上海市卢湾中学,上海市格致中学,744.5,否,50,404.5,128,129,145
黄浦区,上海市卢湾中学,上海市格致中学（奉贤校区）,733,否,50,399,130,123,142
黄浦区,上海市卢湾中学,上海市大同中学,748,否,50,417.5,137,136,137
黄浦区,上海市卢湾中学,上海市向明中学,735.5,否,50,404.5,129,131,136
黄浦区,上海市卢湾中学,上海市向明中学（浦江校区）,732,否,50,408,132,131,131
黄浦区,上海市卢湾中学,上海外国语大学附属大境中学,711.5,否,50,381.5,119,125,136
黄浦区,上海市卢湾中学,上海市光明中学,702,否,50,378.5,120,126,129
黄浦区,上海市卢湾中学,上海市敬业中学,726.5,否,50,392,131,119,137
黄浦区,上海市卢湾中学,上海市卢湾高级中学,707.5,否,50,378.5,114,123,135
黄浦区,上海市卢湾中学,上海交通大学附属中学,761.5,否,50,418.5,146,130,148
黄浦区,上海市市八初级中学,上海市格致中学,747,否,50,412,139,128,138
黄浦区,上海市市八初级中学,上海市格致中学（奉贤校区）,710,否,50,388.5,128,122,135
黄浦区,上海市市八初级中学,上海市大同中学,747,否,50,415,146,129,135
黄浦区,上海市市八初级中学,上海市向明中学,728,否,50,403.5,141,120,133.5
黄浦区,上海市市八初级中学,上海市向明中学（浦江校区）,730,否,50,397,123,131,137
黄浦区,上海市市八初级中学,上海外国语大学附属大境中学,709.5,否,50,382.5,118,125,130
黄浦区,上海市市八初级中学,上海市光明中学,673.5,否,50,359.5,109,122,124
黄浦区,上海市市八初级中学,上海市敬业中学,707,否,50,374.5,115,122,134
黄浦区,上海市市八初级中学,上海市卢湾高级中学,696.5,否,50,383,119,121,119
黄浦区,上海市市八初级中学,同济大学科技中学,762,否,50,419,146,127,146
黄浦区,上海市尚文中学,上海市格致中学,743,否,50,411,144,126,141.5
黄浦区,上海市尚文中学,上海市格致中学（奉贤校区）,731,否,50,407,138,124,129
黄浦区,上海市尚文中学,上海市大同中学,745.5,否,50,410.5,140,125,140
黄浦区,上海市尚文中学,上海市向明中学,727,否,50,389.5,126,119,144
黄浦区,上海市尚文中学,上海市向明中学（浦江校区）,712.5,否,50,383,126,122,138
黄浦区,上海市尚文中学,上海外国语大学附属大境中学,713,否,50,387,123,122,134
黄浦区,上海市尚文中学,上海市光明中学,693,否,50,362.5,104,115,135
黄浦区,上海市尚文中学,上海市敬业中学,719.5,否,50,383,124,122,144
黄浦区,上海市尚文中学,上海市卢湾高级中学,697.5,否,50,365,105,129,142
黄浦区,上海市尚文中学,上海市上海中学,753.5,否,50,409.5,139,134,149
黄浦区,上海交通大学附属黄浦实验中学,上海市格致中学,745,否,50,411,139,126,143
黄浦区,上海交通大学附属黄浦实验中学,上海市格致中学（奉贤校区）,721.5,否,50,392.5,128,125,136
黄浦区,上海交通大学附属黄浦实验中学,上海市大同中学,734.5,否,50,401,135,124,142
黄浦区,上海交通大学附属黄浦实验中学,上海市向明中学,725.5,否,50,390.5,129,125,139
黄浦区,上海交通大学附属黄浦实验中学,上海市向明中学（浦江校区）,733.5,否,50,399,138,117,141
黄浦区,上海交通大学附属黄浦实验中学,上海外国语大学附属大境中学,708.5,否,50,379.5,113,123,138
黄浦区,上海交通大学附属黄浦实验中学,上海市光明中学,693.5,否,50,385.5,120,126,117
黄浦区,上海交通大学附属黄浦实验中学,上海市敬业中学,709.5,否,50,376.5,129,110,143
黄浦区,上海交通大学附属黄浦实验中学,上海市卢湾高级中学,699.5,否,50,364.5,118,119,137
黄浦区,上海交通大学附属黄浦实验中学,华东师范大学第二附属中学,760.5,否,50,419.5,146,128,147
黄浦区,上海市清华中学,上海市格致中学,725.5,否,50,400.5,128,130,131
黄浦区,上海市清华中学,上海市格致中学（奉贤校区）,690.5,否,50,378,132,114,122
黄浦区,上海市清华中学,上海市大同中学,733,否,50,400,121,133,137
黄浦区,上海市清华中学,上海市向明中学,684.5,否,50,364.5,108,121,125
黄浦区,上海市清华中学,上海市向明中学（浦江校区）,699.5,否,50,378.5,122,117,129
黄浦区,上海市清华中学,上海外国语大学附属大境中学,672.5,否,50,366.5,114,121,117
黄浦区,上海市清华中学,上海市光明中学,673.5,否,50,356.5,93,128,121
黄浦区,上海市清华中学,上海市敬业中学,697,否,50,386,122,127,118
黄浦区,上海市清华中学,上海市卢湾高级中学,689.5,否,50,367.5,119,114,134
黄浦区,上海市清华中学,同济大学科技中学,739,否,50,408.5,140,127,138
黄浦区,上海市民办明珠中学,上海市格致中学,751,否,50,412,130,134,144
黄浦区,上海市民办明珠中学,上海市格致中学（奉贤校区）,725.5,否,50,401,140,119,134
黄浦区,上海市民办明珠中学,上海市大同中学,752.5,否,50,412,135,130,143
黄浦区,上海市民办明珠中学,上海市向明中学,735.5,否,50,402.5,140,120,138
黄浦区,上海市民办明珠中学,上海市向明中学（浦江校区）,666.5,否,50,352,106,115,124
黄浦区,上海市民办明珠中学,上海外国语大学附属大境中学,706.5,否,50,385.5,126,123,130
黄浦区,上海市民办明珠中学,上海市光明中学,701,否,50,378,114,122,132
黄浦区,上海市民办明珠中学,上海市敬业中学,720.5,否,50,395.5,132,122,134
黄浦区,上海市民办明珠中学,上海市卢湾高级中学,705,否,50,369,116,124,141
黄浦区,上海市民办明珠中学,同济大学科技中学,760,否,50,421,143,137,142
黄浦区,上海市民办立达中学,上海市格致中学,745,否,50,410,139,126,138
黄浦区,上海市民办立达中学,上海市格致中学（奉贤校区）,737.5,否,50,395,129,124,149
黄浦区,上海市民办立达中学,上海市大同中学,750.5,否,50,414.5,138,134,139
黄浦区,上海市民办立达中学,上海市向明中学,733.5,否,50,408.5,125,140,128
黄浦区,上海市民办立达中学,上海市向明中学（浦江校区）,729,否,50,400.5,136,124,139
黄浦区,上海市民办立达中学,上海外国语大学附属大境中学,701.5,否,50,387.5,121,120,121
黄浦区,上海市民办立达中学,上海市光明中学,677.5,否,50,343.5,99,122,141
黄浦区,上海市民办立达中学,上海市敬业中学,721,否,50,401,137,120,126
黄浦区,上海市民办立达中学,上海市卢湾高级中学,683.5,否,50,376,106,126,113
黄浦区,上海市民办立达中学,同济大学科技中学,760.5,否,50,421.5,146,128,141
黄浦区,上海市震旦外国语中学,上海市格致中学,732.5,否,50,395.5,127,125,139
黄浦区,上海市震旦外国语中学,上海市格致中学（奉贤校区）,731,否,50,403.5,123,132,132
黄浦区,上海市震旦外国语中学,上海市大同中学,738,否,50,397,129,123,143
黄浦区,上海市震旦外国语中学,上海市向明中学,726.5,否,50,392,137,119,142
黄浦区,上海市震旦外国语中学,上海市向明中学（浦江校区）,711,否,50,385,122,120,133
黄浦区,上海市震旦外国语中学,上海外国语大学附属大境中学,705,否,50,378,119,122,136
黄浦区,上海市震旦外国语中学,上海市光明中学,683,否,50,368,107,126,123
黄浦区,上海市震旦外国语中学,上海市敬业中学,707.5,否,50,385,118,123,132
黄浦区,上海市震旦外国语中学,上海市卢湾高级中学,689.5,否,50,373,111,127,123
黄浦区,上海市震旦外国语中学,同济大学科技中学,742,否,50,405,130,129,145
黄浦区,上海市第十中学,上海市格致中学,743,否,50,402.5,131,129,145
黄浦区,上海市第十中学,上海市格致中学（奉贤校区）,715,否,50,394.5,135,117,130
黄浦区,上海市第十中学,上海市大同中学,747,否,50,410,144,121,148
黄浦区,上海市第十中学,上海市向明中学,727.5,否,50,396.5,131,124,134
黄浦区,上海市第十中学,上海市向明中学（浦江校区）,715.5,否,50,384.5,117,124,138
黄浦区,上海市第十中学,上海外国语大学附属大境中学,701,否,50,381,120,119,123
黄浦区,上海市第十中学,上海市光明中学,691.5,否,50,380.5,118,121,122
黄浦区,上海市第十中学,上海市敬业中学,703,否,50,378,120,119,132
黄浦区,上海市第十中学,上海市卢湾高级中学,699.5,否,50,390.5,125,120,121
黄浦区,上海市第十中学,同济大学科技中学,759,否,50,423,147,131,141
黄浦区,上海理工大学附属储能中学,上海市格致中学,736,否,50,407.5,140,127,133
黄浦区,上海理工大学附属储能中学,上海市格致中学（奉贤校区）,721,否,50,385,129,119,140
黄浦区,上海理工大学附属储能中学,上海市大同中学,746,否,50,408,136,127,143
黄浦区,上海理工大学附属储能中学,上海市向明中学,730.5,否,50,398.5,127,124,139
黄浦区,上海理工大学附属储能中学,上海市向明中学（浦江校区）,701,否,50,377,119,124,134
黄浦区,上海理工大学附属储能中学,上海外国语大学附属大境中学,688,否,50,365,112,116,132
黄浦区,上海理工大学附属储能中学,上海市光明中学,685,否,50,368,102,123,120
黄浦区,上海理工大学附属储能中学,上海市敬业中学,675.5,否,50,358.5,110,118,125
黄浦区,上海理工大学附属储能中学,上海市卢湾高级中学,688,否,50,362.5,124,109,133
黄浦区,上海理工大学附属储能中学,同济大学科技中学,752,否,50,416,144,130,143.5
黄浦区,上海市金陵中学,上海市格致中学,748,否,50,414.5,141,134,135
黄浦区,上海市金陵中学,上海市大同中学,727.5,否,50,393,120,130,141
黄浦区,上海市金陵中学,上海市向明中学,723,否,50,390,115,135,141
黄浦区,上海市金陵中学,上海市向明中学（浦江校区）,708.5,否,50,383.5,127,129,135
黄浦区,上海市金陵中学,上海外国语大学附属大境中学,711,否,50,387,122,126,136
黄浦区,上海市金陵中学,上海市光明中学,690.5,否,50,373.5,107,127,125
黄浦区,上海市金陵中学,上海市敬业中学,719.5,否,50,385.5,138,109,140
黄浦区,上海市金陵中学,上海市卢湾高级中学,691,否,50,370,135,124,129.5
黄浦区,上海市金陵中学,华东师范大学第二附属中学,760,否,50,417,143,131,145
黄浦区,上海市市南中学,上海市格致中学,735,否,50,404,133,126,139
黄浦区,上海市市南中学,上海市格致中学（奉贤校区）,726.5,否,50,397.5,136,124,134
黄浦区,上海市市南中学,上海市大同中学,714,否,50,392,136,119,133.5
黄浦区,上海市市南中学,上海市向明中学,702,否,50,384,127,117,128
黄浦区,上海市市南中学,上海市向明中学（浦江校区）,727.5,否,50,391.5,115,133,138
黄浦区,上海市市南中学,上海外国语大学附属大境中学,712,否,50,394.5,130,121,128.5
黄浦区,上海市市南中学,上海市光明中学,698,否,50,383,110,129,120
黄浦区,上海市市南中学,上海市敬业中学,680.5,否,50,355,112,119,137
黄浦区,上海市市南中学,上海市卢湾高级中学,701.5,否,50,375.5,114,121,135
黄浦区,上海市市南中学,上海交通大学附属中学,761.5,否,50,422,145,130,144
黄浦区,上海音乐学院附属黄浦比乐中学,上海市格致中学,717,否,50,384.5,128,118,136
黄浦区,上海音乐学院附属黄浦比乐中学,上海市格致中学（奉贤校区）,701,否,50,376.5,128,112,135
黄浦区,上海音乐学院附属黄浦比乐中学,上海市大同中学,745.5,否,50,402,139,124,146.5
黄浦区,上海音乐学院附属黄浦比乐中学,上海市向明中学,724.5,否,50,391.5,120,129,136
黄浦区,上海音乐学院附属黄浦比乐中学,上海市向明中学（浦江校区）,698,否,50,367,129,111,137
黄浦区,上海音乐学院附属黄浦比乐中学,上海外国语大学附属大境中学,697,否,50,375,109,125,129
黄浦区,上海音乐学院附属黄浦比乐中学,上海市光明中学,694,否,50,380,120,124,125
黄浦区,上海音乐学院附属黄浦比乐中学,上海市敬业中学,699,否,50,387.5,113,130,116
黄浦区,上海音乐学院附属黄浦比乐中学,上海市卢湾高级中学,708,否,50,391,123,132,124
黄浦区,上海音乐学院附属黄浦比乐中学,复旦大学附属中学,761,否,50,419,140,135,149
黄浦区,上海市黄浦区教育学院附属中山学校,上海市格致中学,744.5,否,50,402.5,144,122,145
黄浦区,上海市黄浦区教育学院附属中山学校,上海市格致中学（奉贤校区）,744,否,50,410,134,134,139
黄浦区,上海市黄浦区教育学院附属中山学校,上海市大同中学,750.5,否,50,413,146,119,146
黄浦区,上海市黄浦区教育学院附属中山学校,上海市向明中学,729.5,否,50,401.5,142,120,133
黄浦区,上海市黄浦区教育学院附属中山学校,上海市向明中学（浦江校区）,736.5,否,50,402.5,132,129,139
黄浦区,上海市黄浦区教育学院附属中山学校,上海外国语大学附属大境中学,695,否,50,365.5,119,113,138
黄浦区,上海市黄浦区教育学院附属中山学校,上海市光明中学,693,否,50,369,129,112,135
黄浦区,上海市黄浦区教育学院附属中山学校,上海市敬业中学,715.5,否,50,385.5,124,124,138
黄浦区,上海市黄浦区教育学院附属中山学校,上海市卢湾高级中学,698,否,50,377.5,112,123,132
黄浦区,上海市黄浦区教育学院附属中山学校,同济大学科技中学,749,否,50,413,146,128,141
黄浦区,上海民办永昌学校,上海市格致中学,745.5,否,50,405,135,129,145
黄浦区,上海民办永昌学校,上海市格致中学（奉贤校区）,730,否,50,403.5,129,132,135
黄浦区,上海民办永昌学校,上海市大同中学,758.5,否,50,420.5,140,133,143
黄浦区,上海民办永昌学校,上海市向明中学,727,否,50,401,138,123,136
黄浦区,上海民办永昌学校,上海市向明中学（浦江校区）,725,否,50,393,128,127,138
黄浦区,上海民办永昌学校,上海外国语大学附属大境中学,708,否,50,387,115,125,126
黄浦区,上海民办永昌学校,上海市光明中学,679.5,否,50,371,116,118,120
黄浦区,上海民办永昌学校,上海市敬业中学,722,否,50,400,134,125,130
黄浦区,上海民办永昌学校,上海市卢湾高级中学,689.5,否,50,375,104,127,126
黄浦区,上海民办永昌学校,同济大学科技中学,765,否,50,430,141,143,141
黄浦区,上海康德双语实验学校,上海市格致中学,692.5,否,50,375.5,115,122,131.5
